meanfun,IQR,spent,label,Q25
0.158,0.255,0.636,male,0.06
0.288,0.247,0.631,male,0.078
0.237,0.457,0.443,male,0.034
0.183,0.407,0.923,male,0.39
0.279,0.474,0.959,male,0.318
0.3,0.535,0.923,male,0.274
0.277,0.413,0.941,male,0.375
0.206,0.45,0.907,male,0.446
0.226,0.445,0.954,male,0.356
0.276,0.47,0.972,male,0.305
0.183,0.424,0.931,male,0.41
0.267,0.424,0.934,male,0.352
0.204,0.469,0.924,male,0.336
0.417,0.362,0.817,male,0.52
0.259,0.406,0.829,male,0.522
0.255,0.413,0.873,male,0.467
0.317,0.41,0.821,male,0.534
0.133,0.449,0.815,male,0.494
0.153,0.461,0.805,male,0.467
0.19,0.446,0.79,male,0.5
0.209,0.466,0.768,male,0.485
0.237,0.467,0.726,male,0.52
0.038,0.416,0.774,male,0.46
0.122,0.469,0.72,male,0.501
0.238,0.428,0.799,male,0.488
0.15,0.451,0.83,male,0.479
0.148,0.451,0.784,male,0.471
0.412,0.454,0.672,male,0.508
0.354,0.435,0.72,male,0.493
0.39,0.456,0.47,male,0.523
0.065,0.451,0.964,male,0.374
0.396,0.456,0.728,male,0.493
0.424,0.467,0.567,male,0.529
0.38,0.459,0.562,male,0.499
0.379,0.465,0.563,male,0.516
0.355,0.435,0.75,male,0.49
0.479,0.248,0.679,male,0.55
0.458,0.442,0.573,male,0.537
0.416,0.245,0.539,male,0.543
0.395,0.431,0.712,male,0.52
0.47,0.422,0.637,male,0.53
0.143,0.428,0.83,male,0.392
0.253,0.413,0.819,male,0.472
0.22,0.412,0.854,male,0.4
0.253,0.41,0.772,male,0.468
0.23,0.383,0.838,male,0.383
0.137,0.416,0.796,male,0.449
0,0.43,0.862,male,0.447
0.252,0.422,0.836,male,0.422
0.114,0.419,0.923,male,0.349
0.238,0.433,0.937,male,0.359
0.193,0.413,0.862,male,0.354
0.252,0.404,0.93,male,0.366
0.295,0.408,0.937,male,0.366
0.311,0.431,0.888,male,0.414
0.264,0.46,0.93,male,0.355
0.262,0.431,0.959,male,0.366
0.414,0.716,0.793,male,0.123
0.433,0.691,0.879,male,0.201
0.339,0.361,0.951,male,0.178
0.325,0.545,0.862,male,0.231
0.358,0.399,0.837,male,0.411
0.3,0.513,0.83,male,0.388
0.265,0.548,0.855,male,0.359
0.338,0.516,0.841,male,0.454
0.418,0.486,0.853,male,0.396
0.339,0.465,0.868,male,0.392
0.474,0.129,0.582,male,0.547
0.362,0.199,0.747,male,0.519
0.414,0.234,0.705,male,0.592
0.42,0.255,0.76,male,0.507
0.42,0.393,0.703,male,0.507
0.258,0.415,0.806,male,0.434
0.602,0.153,0.695,male,0.749
0.141,0.41,0.713,male,0.343
0.53,0.207,0.737,male,0.634
0.454,0.379,0.672,male,0.578
0.429,0.256,0.798,male,0.61
0.569,0.262,0.723,male,0.673
0.515,0.22,0.803,male,0.599
0.46,0.38,0.804,male,0.54
0.504,0.178,0.693,male,0.617
0.618,0.327,0.756,male,0.631
0.137,0.341,0.694,male,0.564
0.14,0.298,0.775,male,0.622
0.056,0.256,0.714,male,0.619
0.125,0.332,0.786,male,0.604
0.043,0.335,0.762,male,0.599
0.151,0.312,0.724,male,0.616
0.142,0.241,0.703,male,0.662
0.31,0.28,0.678,male,0.63
0.091,0.283,0.688,male,0.645
0.096,0.336,0.709,male,0.659
0.195,0.57,0.671,male,0.188
0.178,0.635,0.636,male,0.091
0.112,0.628,0.627,male,0.101
0.205,0.589,0.597,male,0.183
0.175,0.449,0.688,male,0.033
0.191,0.454,0.665,male,0.332
0.248,0.593,0.827,male,0.07
0.141,0.496,0.478,male,0.243
0.216,0.687,0.469,male,0.056
0.143,0.56,0.698,male,0.117
0.302,0.436,0.745,male,0.503
0.254,0.424,0.818,male,0.451
0.23,0.412,0.803,male,0.399
0.392,0.402,0.88,male,0.48
0.305,0.465,0.759,male,0.49
0.399,0.378,0.7,male,0.507
0.387,0.449,0.716,male,0.511
0.321,0.397,0.777,male,0.485
0.302,0.461,0.703,male,0.473
0.307,0.419,0.77,male,0.471
0.305,0.458,0.752,male,0.468
0.287,0.746,0.304,male,0.101
0.244,0.529,0.543,male,0.103
0.42,0.508,0.748,male,0.096
0.209,0.274,0.431,male,0.393
0.27,0.499,0.592,male,0.175
0.287,0.543,0.826,male,0.116
0.168,0.492,0.746,male,0.385
0.092,0.439,0.755,male,0.436
0.149,0.53,0.749,male,0.385
0.008,0.57,0.68,male,0.361
0.112,0.544,0.717,male,0.392
0.141,0.503,0.75,male,0.394
0.144,0.484,0.72,male,0.393
0.03,0.584,0.688,male,0.353
0.108,0.46,0.741,male,0.411
0.103,0.502,0.729,male,0.378
0.333,0.305,0.729,male,0.628
0.327,0.252,0.672,male,0.708
0.377,0.274,0.662,male,0.707
0.373,0.331,0.676,male,0.649
0.409,0.276,0.687,male,0.663
0.256,0.571,0.907,male,0.124
0.263,0.556,0.934,male,0.164
0.215,0.545,0.917,male,0.174
0.294,0.428,0.778,male,0.056
0.231,0.522,0.914,male,0.202
0.243,0.521,0.931,male,0.174
0.266,0.51,0.921,male,0.217
0.116,0.575,0.908,male,0.115
0.253,0.549,0.903,male,0.141
0.28,0.531,0.894,male,0.108
0.3,0.464,0.816,male,0.387
0.273,0.586,0.819,male,0.275
0.255,0.665,0.775,male,0.072
0.314,0.494,0.941,male,0.284
0.202,0.686,0.785,male,0.187
0.259,0.67,0.691,male,0.063
0.275,0.663,0.708,male,0.098
0.27,0.703,0.676,male,0.094
0.285,0.663,0.573,male,0.096
0.171,0.638,0.804,male,0.154
0.185,0.538,0.767,male,0.418
0.129,0.533,0.741,male,0.374
0.118,0.461,0.743,male,0.393
0.114,0.501,0.739,male,0.344
0.098,0.559,0.722,male,0.372
0.089,0.432,0.772,male,0.404
0.121,0.521,0.729,male,0.368
0.087,0.468,0.746,male,0.382
0.071,0.546,0.726,male,0.378
0.188,0.53,0.773,male,0.4
0.292,0.419,0.817,male,0.447
0.263,0.451,0.917,male,0.438
0.208,0.598,0.936,male,0.262
0.303,0.567,0.947,male,0.285
0.284,0.624,0.936,male,0.203
0.299,0.597,0.948,male,0.281
0.288,0.516,0.942,male,0.349
0.26,0.482,0.909,male,0.36
0.174,0.422,0.867,male,0.433
0.194,0.459,0.643,male,0.542
0.17,0.363,0.791,male,0.358
0.181,0.387,0.805,male,0.353
0.127,0.401,0.778,male,0.37
0.313,0.441,0.805,male,0.392
0.209,0.341,0.803,male,0.348
0.289,0.377,0.801,male,0.349
0.217,0.421,0.795,male,0.365
0.274,0.393,0.791,male,0.367
0.159,0.364,0.797,male,0.352
0.232,0.465,0.792,male,0.359
0.379,0.425,0.946,male,0.158
0.368,0.453,0.931,male,0.283
0.475,0.475,0.956,male,0.159
0.3,0.566,0.914,male,0.217
0.291,0.484,0.919,male,0.317
0.395,0.428,0.973,male,0.251
0.234,0.454,0.891,male,0.193
0.353,0.393,0.94,male,0.401
0.325,0.536,0.874,male,0.149
0.376,0.377,0.741,male,0.468
0.162,0.447,0.853,male,0.322
0.166,0.387,0.85,male,0.344
0.197,0.452,0.875,male,0.336
0.214,0.41,0.938,male,0.328
0.198,0.417,0.877,male,0.352
0.208,0.483,0.953,male,0.324
0.183,0.385,0.842,male,0.364
0.281,0.409,0.882,male,0.37
0.204,0.466,0.963,male,0.398
0.198,0.388,0.882,male,0.357
0.395,0.362,0.849,male,0.492
0.353,0.429,0.929,male,0.4
0.356,0.365,0.885,male,0.481
0.353,0.485,0.97,male,0.368
0.32,0.329,0.828,male,0.551
0.36,0.498,0.922,male,0.336
0.33,0.473,0.852,male,0.408
0.271,0.357,0.871,male,0.477
0.207,0.342,0.793,male,0.474
0.286,0.381,0.873,male,0.433
0.294,0.403,0.847,male,0.484
0.355,0.373,0.826,male,0.505
0.334,0.386,0.708,male,0.475
0.283,0.399,0.829,male,0.451
0.341,0.398,0.764,male,0.52
0.261,0.4,0.776,male,0.416
0.307,0.383,0.777,male,0.466
0.302,0.364,0.724,male,0.487
0.334,0.419,0.767,male,0.508
0.317,0.389,0.804,male,0.485
0.272,0.386,0.747,male,0.473
0.274,0.329,0.888,male,0.17
0.334,0.589,0.848,male,0.216
0.348,0.568,0.853,male,0.184
0.257,0.439,0.807,male,0.342
0.333,0.495,0.778,male,0.278
0.353,0.44,0.733,male,0.409
0.429,0.428,0.497,male,0.572
0.332,0.618,0.834,male,0.178
0.328,0.54,0.885,male,0.285
0.334,0.439,0.773,male,0.409
0.397,0.512,0.883,male,0.153
0.267,0.57,0.878,male,0.163
0.324,0.55,0.848,male,0.19
0.364,0.5,0.796,male,0.273
0.381,0.568,0.923,male,0.227
0.275,0.629,0.944,male,0.158
0.31,0.529,0.804,male,0.29
0.264,0.426,0.881,male,0.261
0.205,0.469,0.885,male,0.169
0.282,0.358,0.902,male,0.192
0.259,0.716,0.375,male,0.077
0.207,0.644,0.362,male,0.113
0.19,0.486,0.517,male,0.351
0.127,0.71,0.354,male,0.047
0.157,0.652,0.397,male,0.124
0.232,0.542,0.561,male,0.241
0.185,0.591,0.446,male,0.2
0.274,0.467,0.448,male,0.321
0.228,0.545,0.471,male,0.262
0.11,0.722,0.261,male,0
0.453,0.085,0.492,male,0.892
0.337,0.081,0.453,male,0.876
0.347,0.093,0.503,male,0.856
0.394,0.144,0.524,male,0.829
0.392,0.039,0.442,male,0.917
0.383,0.031,0.399,male,0.916
0.391,0.072,0.471,male,0.886
0.363,0.086,0.491,male,0.898
0.303,0.055,0.456,male,0.889
0.378,0.093,0.481,male,0.866
0.215,0.377,0.857,male,0.374
0.33,0.419,0.862,male,0.424
0.233,0.395,0.855,male,0.363
0.347,0.391,0.845,male,0.375
0.293,0.396,0.83,male,0.38
0.336,0.429,0.894,male,0.378
0.343,0.405,0.88,male,0.363
0.267,0.378,0.857,male,0.372
0.236,0.373,0.811,male,0.372
0.268,0.441,0.928,male,0.389
0.326,0.446,0.809,male,0.446
0.293,0.432,0.788,male,0.425
0.372,0.424,0.88,male,0.409
0.291,0.438,0.837,male,0.415
0.344,0.446,0.853,male,0.428
0.289,0.412,0.849,male,0.43
0.405,0.455,0.922,male,0.435
0.365,0.439,0.718,male,0.461
0.255,0.441,0.838,male,0.429
0.333,0.428,0.861,male,0.435
0.317,0.42,0.864,male,0.478
0.33,0.337,0.911,male,0.479
0.443,0.363,0.779,male,0.542
0.403,0.393,0.784,male,0.49
0.282,0.514,0.303,male,0.009
0.245,0.149,0.377,male,0.032
0.266,0.223,0.551,male,0.033
0.187,0.572,0.575,male,0.035
0.243,0.425,0.197,male,0.006
0.201,0.54,0.457,male,0.021
0.221,0.534,0.393,male,0.008
0.211,0.55,0.445,male,0.013
0.429,0.428,0.497,male,0.572
0.434,0.384,0.593,male,0.615
0.502,0.277,0.704,male,0.658
0.514,0.336,0.725,male,0.634
0.476,0.368,0.625,male,0.632
0.469,0.308,0.684,male,0.68
0.644,0.141,0.622,male,0.743
0.371,0.297,0.69,male,0.637
0.408,0.323,0.723,male,0.59
0.319,0.441,0.634,male,0.569
0.425,0.402,0.638,male,0.576
0.326,0.201,0.602,male,0.76
0.443,0.298,0.639,male,0.632
0.334,0.359,0.614,male,0.644
0.321,0.388,0.652,male,0.434
0.261,0.369,0.651,male,0.406
0.207,0.374,0.717,male,0.4
0.254,0.377,0.658,male,0.412
0.296,0.372,0.8,male,0.419
0.238,0.373,0.766,male,0.417
0.256,0.363,0.8,male,0.418
0.273,0.371,0.748,male,0.419
0.232,0.366,0.645,male,0.399
0.191,0.369,0.728,male,0.399
0.215,0.374,0.652,male,0.398
0.231,0.384,0.695,male,0.405
0.274,0.375,0.671,male,0.422
0.258,0.381,0.772,male,0.398
0.273,0.371,0.726,male,0.406
0.247,0.378,0.748,male,0.407
0.299,0.377,0.599,male,0.426
0.294,0.379,0.73,male,0.413
0.256,0.367,0.646,male,0.407
0.265,0.389,0.69,male,0.411
0.301,0.379,0.697,male,0.42
0.232,0.388,0.712,male,0.419
0.272,0.389,0.69,male,0.419
0.309,0.389,0.604,male,0.43
0.195,0.381,0.738,male,0.409
0.254,0.38,0.666,male,0.415
0.181,0.382,0.721,male,0.409
0.229,0.375,0.657,male,0.42
0.245,0.37,0.719,male,0.389
0.289,0.371,0.804,male,0.38
0.242,0.373,0.738,male,0.405
0.289,0.376,0.719,male,0.421
0.21,0.387,0.773,male,0.408
0.266,0.372,0.724,male,0.419
0.311,0.382,0.77,male,0.416
0.314,0.379,0.682,male,0.435
0.328,0.366,0.758,male,0.414
0.255,0.375,0.753,male,0.403
0.246,0.368,0.691,male,0.41
0.269,0.373,0.715,male,0.406
0.292,0.379,0.663,male,0.42
0.232,0.395,0.72,male,0.398
0.231,0.386,0.716,male,0.404
0.229,0.416,0.922,male,0.396
0.286,0.416,0.957,male,0.384
0.294,0.43,0.93,male,0.437
0.306,0.429,0.972,male,0.409
0.357,0.423,0.934,male,0.47
0.283,0.422,0.901,male,0.463
0.347,0.415,0.927,male,0.41
0.309,0.638,0.64,male,0.277
0.222,0.446,0.928,male,0.373
0.331,0.493,0.97,male,0.367
0.265,0.615,0.89,male,0.151
0.349,0.476,0.914,male,0.328
0.336,0.597,0.901,male,0.223
0.332,0.543,0.947,male,0.241
0.265,0.574,0.929,male,0.25
0.364,0.433,0.792,male,0.533
0.355,0.427,0.831,male,0.521
0.324,0.408,0.726,male,0.529
0.293,0.414,0.468,male,0.542
0.218,0.429,0.816,male,0.453
0.237,0.402,0.759,male,0.508
0.295,0.44,0.619,male,0.516
0.316,0.397,0.804,male,0.538
0.333,0.424,0.851,male,0.515
0.307,0.414,0.805,male,0.534
0.314,0.362,0.712,male,0.567
0.333,0.451,0.759,male,0.517
0.309,0.437,0.801,male,0.521
0.312,0.344,0.795,male,0.544
0.304,0.402,0.807,male,0.524
0.317,0.381,0.861,male,0.505
0.329,0.541,0.852,male,0.36
0.354,0.428,0.756,male,0.529
0.272,0.457,0.916,male,0.41
0.331,0.432,0.849,male,0.517
0.272,0.404,0.596,male,0.55
0.305,0.367,0.784,male,0.535
0.345,0.422,0.758,male,0.536
0.305,0.433,0.805,male,0.527
0.332,0.339,0.828,male,0.544
0.349,0.385,0.78,male,0.543
0.352,0.38,0.768,male,0.561
0.318,0.383,0.771,male,0.544
0.253,0.362,0.809,male,0.552
0.356,0.403,0.807,male,0.542
0.322,0.467,0.951,male,0.424
0.312,0.398,0.801,male,0.549
0.332,0.376,0.79,male,0.548
0.355,0.404,0.749,male,0.536
0.35,0.438,0.752,male,0.543
0.315,0.436,0.638,male,0.527
0.387,0.427,0.654,male,0.527
0.364,0.363,0.752,male,0.552
0.299,0.401,0.726,male,0.542
0.305,0.457,0.888,male,0.457
0.291,0.355,0.722,male,0.527
0.294,0.353,0.713,male,0.518
0.274,0.333,0.798,male,0.564
0.296,0.415,0.631,male,0.527
0.267,0.385,0.72,male,0.518
0.269,0.381,0.834,male,0.515
0.3,0.386,0.787,male,0.547
0.28,0.373,0.754,male,0.542
0.3,0.395,0.75,male,0.533
0.328,0.417,0.718,male,0.531
0.335,0.461,0.79,male,0.493
0.319,0.425,0.694,male,0.549
0.25,0.427,0.839,male,0.53
0.3,0.393,0.669,male,0.541
0.355,0.451,0.529,male,0.538
0.346,0.373,0.633,male,0.559
0.26,0.404,0.757,male,0.521
0.284,0.388,0.699,male,0.539
0.288,0.41,0.753,male,0.498
0.325,0.375,0.65,male,0.507
0.296,0.438,0.637,male,0.508
0.25,0.424,0.801,male,0.52
0.379,0.406,0.564,male,0.529
0.298,0.441,0.851,male,0.457
0.301,0.388,0.699,male,0.556
0.278,0.588,0.945,male,0.243
0.359,0.413,0.853,male,0.539
0.329,0.394,0.749,male,0.55
0.323,0.412,0.723,male,0.54
0.322,0.337,0.769,male,0.537
0.345,0.458,0.838,male,0.517
0.295,0.433,0.764,male,0.54
0.322,0.352,0.653,male,0.524
0.342,0.469,0.711,male,0.537
0.3,0.365,0.722,male,0.534
0.328,0.415,0.755,male,0.523
0.305,0.419,0.829,male,0.508
0.287,0.361,0.756,male,0.483
0.314,0.365,0.717,male,0.572
0.296,0.312,0.828,male,0.534
0.338,0.347,0.745,male,0.537
0.337,0.418,0.725,male,0.511
0.389,0.43,0.911,male,0.475
0.23,0.54,0.428,male,0.019
0.25,0.096,0.324,male,0.022
0.214,0.4,0.88,male,0.356
0.331,0.326,0.926,male,0.352
0.288,0.409,0.928,male,0.364
0.319,0.4,0.684,male,0.459
0.331,0.416,0.946,male,0.34
0.302,0.355,0.932,male,0.322
0.278,0.414,0.922,male,0.317
0.314,0.429,0.924,male,0.403
0.138,0.355,0.894,male,0.314
0.086,0.391,0.879,male,0.394
0.425,0.314,0.906,male,0.351
0.293,0.274,0.682,male,0.582
0.305,0.201,0.66,male,0.584
0.309,0.288,0.719,male,0.583
0.346,0.305,0.719,male,0.571
0.347,0.325,0.706,male,0.568
0.241,0.295,0.726,male,0.577
0.393,0.298,0.621,male,0.59
0.348,0.311,0.646,male,0.577
0.282,0.244,0.621,male,0.623
0.304,0.296,0.713,male,0.571
0.384,0.439,0.728,male,0.546
0.365,0.434,0.751,male,0.547
0.405,0.476,0.925,male,0.455
0.377,0.474,0.929,male,0.432
0.396,0.485,0.924,male,0.361
0.245,0.414,0.68,male,0.501
0.373,0.421,0.683,male,0.558
0.321,0.359,0.609,male,0.562
0.353,0.439,0.796,male,0.442
0.454,0.687,0.84,male,0.245
0.467,0.539,0.817,male,0.44
0.294,0.497,0.862,male,0.427
0.428,0.474,0.845,male,0.407
0.431,0.479,0.828,male,0.472
0.342,0.494,0.934,male,0.22
0.417,0.46,0.845,male,0.47
0.379,0.451,0.832,male,0.466
0.419,0.606,0.901,male,0.205
0.396,0.259,0.704,male,0.624
0.438,0.251,0.659,male,0.63
0.445,0.203,0.704,male,0.669
0.422,0.222,0.691,male,0.665
0.415,0.349,0.685,male,0.623
0.302,0.572,0.936,male,0.286
0.349,0.328,0.691,male,0.662
0.404,0.232,0.698,male,0.675
0.404,0.237,0.704,male,0.678
0.399,0.333,0.686,male,0.653
0.374,0.726,0.81,male,0.165
0.394,0.446,0.805,male,0.49
0.369,0.431,0.777,male,0.479
0.473,0.422,0.831,male,0.506
0.37,0.659,0.926,male,0.173
0.51,0.57,0.802,male,0.293
0.41,0.475,0.784,male,0.466
0.338,0.334,0.813,male,0.513
0.337,0.516,0.866,male,0.422
0.401,0.468,0.842,male,0.457
0.257,0.387,0.927,male,0.357
0.161,0.422,0.934,male,0.357
0.182,0.415,0.883,male,0.381
0.208,0.397,0.869,male,0.379
0.221,0.38,0.922,male,0.355
0.227,0.409,0.907,male,0.351
0.193,0.402,0.926,male,0.377
0.26,0.423,0.9,male,0.384
0.198,0.499,0.715,male,0.334
0.216,0.623,0.757,male,0.122
0.217,0.536,0.693,male,0.3
0.282,0.653,0.615,male,0.213
0.167,0.624,0.712,male,0.208
0.132,0.533,0.509,male,0.292
0.191,0.669,0.52,male,0.199
0.21,0.36,0.612,male,0.426
0.194,0.269,0.563,male,0.424
0.145,0.441,0.61,male,0.401
0.46,0.361,0.926,male,0.284
0.446,0.422,0.94,male,0.225
0.411,0.357,0.738,male,0.522
0.359,0.175,0.808,male,0.471
0.345,0.247,0.887,male,0.466
0.101,0.616,0.392,male,0.216
0.124,0.528,0.471,male,0.345
0.104,0.699,0.312,male,0.094
0.088,0.458,0.433,male,0.379
0.114,0.764,0.317,male,0
0.048,0.505,0.427,male,0.329
0.096,0.472,0.482,male,0.331
0.105,0.52,0.466,male,0.283
0.06,0.621,0.339,male,0.152
0.081,0.521,0.473,male,0.317
0.143,0.474,0.845,male,0.368
0.166,0.487,0.859,male,0.397
0.164,0.384,0.761,male,0.437
0.164,0.419,0.817,male,0.422
0.169,0.433,0.854,male,0.402
0.203,0.419,0.839,male,0.453
0.198,0.503,0.774,male,0.443
0.166,0.442,0.876,male,0.417
0.172,0.427,0.848,male,0.488
0.146,0.392,0.88,male,0.424
0.247,0.562,0.733,male,0.265
0.16,0.463,0.921,male,0.191
0.188,0.431,0.916,male,0.256
0.192,0.407,0.916,male,0.349
0.261,0.464,0.897,male,0.139
0.228,0.475,0.964,male,0.303
0.253,0.425,0.952,male,0.345
0.241,0.435,0.936,male,0.262
0.246,0.491,0.907,male,0.218
0.253,0.379,0.864,male,0.368
0.156,0.378,0.829,male,0.366
0.287,0.448,0.944,male,0.349
0.317,0.566,0.901,male,0.258
0.266,0.679,0.915,male,0.201
0.296,0.552,0.904,male,0.289
0.282,0.686,0.882,male,0.08
0.305,0.506,0.945,male,0.309
0.364,0.608,0.954,male,0.205
0.309,0.455,0.957,male,0.391
0.315,0.537,0.951,male,0.158
0.235,0.535,0.937,male,0.264
0.388,0.581,0.912,male,0.399
0.404,0.693,0.835,male,0.31
0.392,0.447,0.674,male,0.556
0.381,0.473,0.781,male,0.527
0.306,0.425,0.862,male,0.511
0.398,0.462,0.702,male,0.54
0.404,0.456,0.825,male,0.518
0.423,0.481,0.802,male,0.504
0.418,0.473,0.748,male,0.532
0.421,0.425,0.755,male,0.557
0.322,0.561,0.772,male,0.434
0.425,0.389,0.765,male,0.604
0.419,0.357,0.839,male,0.591
0.372,0.494,0.73,male,0.501
0.638,0.145,0.732,male,0.668
0.411,0.337,0.692,male,0.678
0.366,0.437,0.705,male,0.497
0.342,0.349,0.67,male,0.484
0.327,0.32,0.673,male,0.489
0.216,0.371,0.627,male,0.485
0.262,0.339,0.677,male,0.494
0.213,0.258,0.564,male,0.514
0.387,0.367,0.631,male,0.48
0.271,0.3,0.704,male,0.491
0.256,0.332,0.667,male,0.487
0.165,0.364,0.608,male,0.484
0.257,0.375,0.554,male,0.481
0.235,0.433,0.916,male,0.43
0.22,0.444,0.964,male,0.335
0.236,0.391,0.869,male,0.384
0.346,0.419,0.961,male,0.41
0.3,0.56,0.968,male,0.217
0.334,0.461,0.95,male,0.419
0.281,0.629,0.958,male,0.209
0.307,0.47,0.899,male,0.473
0.241,0.417,0.913,male,0.409
0.325,0.406,0.947,male,0.387
0.266,0.478,0.934,male,0.394
0.357,0.471,0.955,male,0.41
0.371,0.421,0.925,male,0.471
0.305,0.551,0.931,male,0.176
0.267,0.433,0.889,male,0.441
0.302,0.427,0.905,male,0.446
0.315,0.467,0.944,male,0.35
0.321,0.388,0.866,male,0.462
0.24,0.588,1,male,0.222
0.22,0.452,0.895,male,0.418
0.208,0.406,0.924,male,0.409
0.299,0.474,0.923,male,0.397
0.35,0.367,0.914,male,0.479
0.248,0.521,0.942,male,0.336
0.285,0.498,0.969,male,0.293
0.286,0.463,0.942,male,0.337
0.293,0.431,0.944,male,0.315
0.266,0.426,0.949,male,0.423
0.359,0.581,0.935,male,0.12
0.211,0.409,0.876,male,0.42
0.25,0.364,0.628,male,0.481
0.378,0.542,0.978,male,0.231
0.262,0.52,0.971,male,0.3
0.37,0.49,0.835,male,0.462
0.266,0.385,0.854,male,0.44
0.307,0.458,0.91,male,0.426
0.675,0.419,0.801,male,0.068
0.574,0.571,0.792,male,0.066
0.624,0.514,0.905,male,0.136
0.582,0.488,0.895,male,0.094
0.619,0.52,0.818,male,0.229
0.578,0.289,0.829,male,0.453
0.672,0.171,0.749,male,0.617
0.624,0.469,0.852,male,0.302
0.678,0.293,0.881,male,0.468
0.671,0.326,0.795,male,0.424
0.378,0.428,0.875,male,0.383
0.269,0.449,0.788,male,0.43
0.268,0.505,0.908,male,0.089
0.3,0.594,0.916,male,0.28
0.357,0.441,0.902,male,0.387
0.265,0.408,0.871,male,0.437
0.31,0.404,0.867,male,0.442
0.324,0.644,0.902,male,0.15
0.317,0.425,0.877,male,0.41
0.378,0.448,0.899,male,0.437
0.089,0.324,0.786,male,0.379
0.251,0.401,0.79,male,0.42
0.22,0.361,0.743,male,0.401
0.254,0.421,0.865,male,0.396
0.332,0.24,0.629,male,0.514
0.383,0.348,0.737,male,0.504
0.358,0.29,0.701,male,0.538
0.322,0.316,0.734,male,0.521
0.327,0.32,0.728,male,0.52
0.339,0.31,0.735,male,0.515
0.242,0.356,0.611,male,0.386
0.228,0.384,0.636,male,0.388
0.219,0.361,0.603,male,0.389
0.256,0.358,0.594,male,0.393
0.239,0.353,0.698,male,0.402
0.301,0.384,0.714,male,0.424
0.216,0.351,0.654,male,0.393
0.246,0.382,0.729,male,0.421
0.246,0.358,0.529,male,0.398
0.235,0.354,0.616,male,0.387
0.225,0.351,0.485,male,0.396
0.229,0.364,0.605,male,0.398
0.296,0.359,0.63,male,0.397
0.295,0.373,0.675,male,0.404
0.241,0.351,0.605,male,0.388
0.256,0.385,0.69,male,0.41
0.224,0.352,0.618,male,0.387
0.277,0.36,0.647,male,0.412
0.223,0.362,0.614,male,0.399
0.202,0.348,0.634,male,0.37
0.233,0.362,0.658,male,0.392
0.13,0.394,0.654,male,0.358
0.224,0.367,0.63,male,0.391
0.221,0.364,0.665,male,0.399
0.215,0.361,0.635,male,0.389
0.211,0.415,0.678,male,0.414
0.217,0.354,0.594,male,0.389
0.217,0.404,0.705,male,0.42
0.193,0.345,0.621,male,0.383
0.236,0.366,0.632,male,0.4
0.265,0.369,0.587,male,0.421
0.222,0.368,0.646,male,0.395
0.244,0.366,0.704,male,0.386
0.249,0.373,0.688,male,0.403
0.254,0.354,0.617,male,0.397
0.198,0.389,0.679,male,0.403
0.219,0.35,0.636,male,0.397
0.265,0.365,0.701,male,0.415
0.259,0.356,0.656,male,0.404
0.228,0.39,0.685,male,0.409
0.284,0.358,0.688,male,0.384
0.243,0.367,0.646,male,0.407
0.255,0.356,0.633,male,0.391
0.269,0.376,0.636,male,0.398
0.245,0.351,0.632,male,0.383
0.309,0.365,0.645,male,0.412
0.189,0.342,0.706,male,0.386
0.242,0.355,0.579,male,0.398
0.209,0.367,0.648,male,0.382
0.249,0.383,0.685,male,0.408
0.212,0.351,0.628,male,0.381
0.202,0.351,0.656,male,0.383
0.283,0.346,0.765,male,0.447
0.296,0.374,0.804,male,0.455
0.256,0.397,0.84,male,0.497
0.255,0.38,0.874,male,0.419
0.203,0.398,0.811,male,0.449
0.219,0.37,0.826,male,0.405
0.215,0.377,0.719,male,0.434
0.216,0.432,0.9,male,0.439
0.216,0.392,0.843,male,0.436
0.222,0.353,0.865,male,0.444
0.206,0.352,0.772,male,0.402
0.218,0.399,0.698,male,0.442
0.255,0.387,0.814,male,0.436
0.214,0.393,0.816,male,0.463
0.256,0.358,0.801,male,0.464
0.286,0.351,0.811,male,0.408
0.193,0.354,0.83,male,0.448
0.179,0.365,0.8,male,0.402
0.285,0.364,0.813,male,0.436
0.225,0.373,0.693,male,0.431
0.229,0.375,0.808,male,0.44
0.189,0.354,0.734,male,0.443
0.221,0.365,0.829,male,0.447
0.21,0.364,0.825,male,0.407
0.244,0.363,0.825,male,0.424
0.194,0.374,0.832,male,0.425
0.233,0.366,0.767,male,0.432
0.209,0.348,0.821,male,0.445
0.22,0.366,0.839,male,0.456
0.179,0.367,0.785,male,0.429
0.303,0.359,0.861,male,0.456
0.254,0.385,0.883,male,0.416
0.223,0.395,0.85,male,0.463
0.211,0.379,0.832,male,0.452
0.269,0.347,0.856,male,0.46
0.28,0.375,0.819,male,0.439
0.22,0.379,0.771,male,0.443
0.222,0.367,0.787,male,0.469
0.281,0.396,0.858,male,0.409
0.231,0.396,0.753,male,0.472
0.225,0.383,0.801,male,0.428
0.217,0.356,0.794,male,0.44
0.221,0.344,0.752,male,0.405
0.26,0.36,0.819,male,0.447
0.245,0.363,0.697,male,0.43
0.24,0.359,0.693,male,0.415
0.26,0.374,0.82,male,0.451
0.192,0.389,0.769,male,0.449
0.233,0.356,0.782,male,0.434
0.292,0.37,0.788,male,0.416
0.312,0.386,0.806,male,0.453
0.266,0.406,0.822,male,0.43
0.235,0.376,0.822,male,0.455
0.281,0.396,0.823,male,0.446
0.28,0.401,0.765,male,0.478
0.195,0.369,0.744,male,0.451
0.293,0.349,0.763,male,0.467
0.205,0.368,0.769,male,0.417
0.271,0.35,0.752,male,0.443
0.197,0.431,0.843,male,0.443
0.236,0.367,0.726,male,0.425
0.261,0.34,0.703,male,0.419
0.278,0.381,0.842,male,0.475
0.285,0.376,0.695,male,0.439
0.231,0.357,0.838,male,0.417
0.242,0.386,0.773,male,0.448
0.29,0.366,0.75,male,0.473
0.233,0.351,0.835,male,0.449
0.212,0.362,0.806,male,0.459
0.197,0.358,0.767,male,0.416
0.251,0.365,0.818,male,0.434
0.29,0.416,0.894,male,0.378
0.286,0.395,0.826,male,0.453
0.154,0.345,0.67,male,0.38
0.222,0.416,0.791,male,0.47
0.298,0.381,0.748,male,0.471
0.275,0.386,0.791,male,0.463
0.224,0.388,0.856,male,0.444
0.207,0.34,0.743,male,0.402
0.21,0.379,0.687,male,0.435
0.17,0.341,0.775,male,0.427
0.217,0.394,0.771,male,0.484
0.263,0.357,0.734,male,0.421
0.301,0.382,0.824,male,0.461
0.421,0.24,0.738,male,0.573
0.416,0.327,0.757,male,0.606
0.442,0.286,0.754,male,0.518
0.331,0.39,0.797,male,0.526
0.271,0.383,0.8,male,0.45
0.307,0.259,0.721,male,0.548
0.483,0.369,0.712,male,0.439
0.374,0.344,0.864,male,0.478
0.449,0.365,0.666,male,0.504
0.36,0.29,0.729,male,0.537
0.296,0.369,0.751,male,0.517
0.386,0.274,0.709,male,0.534
0.372,0.443,0.758,male,0.502
0.407,0.403,0.791,male,0.539
0.322,0.32,0.771,male,0.506
0.438,0.347,0.823,male,0.559
0.364,0.224,0.718,male,0.586
0.375,0.343,0.823,male,0.53
0.369,0.265,0.712,male,0.572
0.349,0.303,0.754,male,0.601
0.3,0.341,0.626,male,0.443
0.348,0.306,0.742,male,0.493
0.397,0.416,0.749,male,0.447
0.368,0.356,0.831,male,0.472
0.309,0.311,0.738,male,0.605
0.36,0.397,0.804,male,0.432
0.383,0.404,0.817,male,0.493
0.333,0.284,0.699,male,0.525
0.338,0.37,0.737,male,0.469
0.32,0.419,0.745,male,0.463
0.309,0.293,0.57,male,0.513
0.381,0.379,0.764,male,0.477
0.429,0.226,0.678,male,0.559
0.365,0.378,0.744,male,0.425
0.39,0.408,0.808,male,0.399
0.311,0.308,0.686,male,0.482
0.418,0.371,0.87,male,0.446
0.343,0.357,0.703,male,0.44
0.313,0.313,0.787,male,0.531
0.338,0.396,0.635,male,0.447
0.346,0.367,0.756,male,0.493
0.349,0.364,0.82,male,0.476
0.358,0.357,0.722,male,0.463
0.323,0.367,0.629,male,0.474
0.322,0.384,0.692,male,0.392
0.343,0.4,0.771,male,0.486
0.412,0.37,0.746,male,0.426
0.316,0.331,0.733,male,0.439
0.381,0.202,0.668,male,0.536
0.505,0.382,0.814,male,0.514
0.4,0.335,0.746,male,0.472
0.381,0.353,0.647,male,0.466
0.406,0.277,0.66,male,0.541
0.387,0.413,0.882,male,0.455
0.313,0.326,0.807,male,0.537
0.282,0.322,0.663,male,0.479
0.361,0.346,0.752,male,0.487
0.495,0.299,0.648,male,0.504
0.369,0.385,0.81,male,0.445
0.292,0.279,0.67,male,0.511
0.379,0.444,0.827,male,0.533
0.175,0.334,0.81,male,0.419
0.251,0.416,0.922,male,0.396
0.423,0.445,0.603,male,0.537
0.515,0.379,0.773,male,0.53
0.429,0.465,0.797,male,0.529
0.49,0.414,0.756,male,0.504
0.421,0.41,0.627,male,0.569
0.4,0.42,0.647,male,0.549
0.434,0.435,0.605,male,0.528
0.422,0.405,0.593,male,0.545
0.387,0.39,0.659,male,0.552
0.402,0.415,0.67,male,0.578
0.418,0.419,0.688,male,0.516
0.354,0.431,0.812,male,0.484
0.435,0.427,0.767,male,0.511
0.401,0.399,0.629,male,0.558
0.393,0.387,0.671,male,0.552
0.378,0.41,0.731,male,0.555
0.389,0.403,0.665,male,0.534
0.434,0.435,0.656,male,0.529
0.385,0.384,0.696,male,0.55
0.501,0.467,0.717,male,0.543
0.5,0.432,0.653,male,0.552
0.483,0.418,0.69,male,0.558
0.399,0.342,0.763,male,0.57
0.456,0.399,0.64,male,0.566
0.36,0.409,0.547,male,0.581
0.402,0.44,0.716,male,0.527
0.38,0.436,0.723,male,0.533
0.467,0.396,0.658,male,0.568
0.499,0.45,0.608,male,0.548
0.41,0.373,0.649,male,0.594
0.543,0.463,0.848,male,0.522
0.443,0.449,0.646,male,0.545
0.375,0.427,0.672,male,0.557
0.478,0.43,0.666,male,0.562
0.426,0.404,0.68,male,0.569
0.431,0.449,0.767,male,0.508
0.383,0.447,0.623,male,0.552
0.465,0.422,0.648,male,0.564
0.436,0.335,0.721,male,0.579
0.422,0.483,0.777,male,0.506
0.421,0.406,0.654,male,0.55
0.46,0.396,0.601,male,0.547
0.442,0.43,0.582,male,0.539
0.417,0.394,0.659,male,0.557
0.439,0.421,0.855,male,0.518
0.468,0.417,0.581,male,0.554
0.389,0.34,0.679,male,0.608
0.421,0.422,0.641,male,0.547
0.376,0.433,0.697,male,0.517
0.431,0.43,0.663,male,0.526
0.445,0.41,0.663,male,0.559
0.43,0.407,0.605,male,0.55
0.487,0.446,0.739,male,0.55
0.458,0.384,0.73,male,0.566
0.435,0.393,0.667,male,0.546
0.489,0.369,0.749,male,0.572
0.472,0.401,0.684,male,0.536
0.465,0.442,0.729,male,0.517
0.408,0.385,0.626,male,0.569
0.411,0.431,0.578,male,0.541
0.409,0.481,0.489,male,0.556
0.361,0.388,0.607,male,0.526
0.328,0.426,0.576,male,0.495
0.391,0.444,0.65,male,0.511
0.33,0.428,0.483,male,0.502
0.343,0.437,0.575,male,0.51
0.398,0.471,0.58,male,0.535
0.319,0.465,0.558,male,0.534
0.331,0.394,0.652,male,0.553
0.35,0.446,0.531,male,0.525
0.391,0.414,0.646,male,0.535
0.322,0.425,0.597,male,0.551
0.341,0.428,0.585,male,0.516
0.393,0.447,0.607,male,0.547
0.417,0.436,0.571,male,0.55
0.398,0.416,0.618,male,0.555
0.344,0.438,0.564,male,0.548
0.378,0.44,0.59,male,0.523
0.377,0.413,0.604,male,0.544
0.401,0.457,0.535,male,0.515
0.375,0.421,0.625,male,0.558
0.404,0.42,0.6,male,0.521
0.408,0.415,0.666,male,0.527
0.408,0.433,0.552,male,0.539
0.339,0.456,0.626,male,0.553
0.358,0.464,0.596,male,0.536
0.397,0.423,0.577,male,0.527
0.356,0.41,0.568,male,0.522
0.409,0.445,0.629,male,0.507
0.326,0.429,0.633,male,0.493
0.41,0.427,0.618,male,0.518
0.371,0.393,0.645,male,0.539
0.347,0.436,0.611,male,0.556
0.429,0.449,0.662,male,0.528
0.404,0.441,0.602,male,0.544
0.375,0.421,0.634,male,0.522
0.377,0.458,0.572,male,0.529
0.477,0.448,0.618,male,0.531
0.417,0.402,0.626,male,0.556
0.366,0.404,0.676,male,0.54
0.396,0.435,0.684,male,0.518
0.345,0.411,0.536,male,0.527
0.416,0.478,0.543,male,0.539
0.444,0.376,0.671,male,0.544
0.41,0.422,0.657,male,0.519
0.341,0.429,0.601,male,0.494
0.346,0.406,0.678,male,0.511
0.414,0.393,0.699,male,0.542
0.362,0.446,0.648,male,0.528
0.328,0.403,0.693,male,0.502
0.439,0.392,0.682,male,0.526
0.365,0.388,0.611,male,0.556
0.365,0.423,0.58,male,0.52
0.352,0.436,0.657,male,0.512
0.457,0.428,0.581,male,0.54
0.387,0.443,0.659,male,0.527
0.401,0.416,0.65,male,0.519
0.343,0.442,0.555,male,0.514
0.403,0.43,0.683,male,0.545
0.417,0.448,0.559,male,0.537
0.39,0.383,0.817,male,0.46
0.337,0.414,0.826,male,0.501
0.361,0.39,0.801,male,0.535
0.346,0.399,0.812,male,0.509
0.353,0.291,0.801,male,0.544
0.389,0.386,0.866,male,0.513
0.316,0.372,0.705,male,0.535
0.451,0.371,0.807,male,0.537
0.374,0.35,0.769,male,0.526
0.336,0.353,0.764,male,0.559
0.357,0.334,0.806,male,0.53
0.342,0.331,0.713,male,0.648
0.315,0.269,0.712,male,0.661
0.394,0.439,0.749,male,0.552
0.347,0.327,0.777,male,0.55
0.323,0.357,0.781,male,0.547
0.358,0.408,0.859,male,0.501
0.41,0.388,0.81,male,0.552
0.314,0.259,0.705,male,0.569
0.398,0.341,0.721,male,0.557
0.34,0.414,0.765,male,0.538
0.403,0.464,0.777,male,0.518
0.429,0.409,0.841,male,0.518
0.325,0.391,0.808,male,0.527
0.401,0.321,0.735,male,0.592
0.418,0.401,0.735,male,0.586
0.375,0.337,0.788,male,0.573
0.399,0.55,0.847,male,0.447
0.389,0.358,0.707,male,0.592
0.352,0.315,0.782,male,0.578
0.368,0.416,0.72,male,0.552
0.414,0.293,0.797,male,0.589
0.302,0.319,0.62,male,0.631
0.349,0.374,0.693,male,0.559
0.352,0.383,0.811,male,0.559
0.408,0.415,0.761,male,0.511
0.369,0.276,0.64,male,0.705
0.445,0.306,0.563,male,0.633
0.416,0.356,0.647,male,0.578
0.38,0.42,0.747,male,0.542
0.41,0.342,0.761,male,0.588
0.439,0.367,0.767,male,0.566
0.27,0.371,0.756,male,0.626
0.349,0.35,0.764,male,0.601
0.432,0.365,0.789,male,0.566
0.375,0.344,0.811,male,0.596
0.305,0.422,0.756,male,0.541
0.409,0.406,0.774,male,0.577
0.435,0.337,0.741,male,0.612
0.349,0.381,0.731,male,0.569
0.448,0.303,0.769,male,0.578
0.447,0.253,0.756,male,0.604
0.425,0.398,0.732,male,0.593
0.386,0.38,0.741,male,0.61
0.487,0.411,0.734,male,0.57
0.39,0.369,0.768,male,0.595
0.377,0.399,0.728,male,0.602
0.399,0.324,0.684,male,0.643
0.371,0.322,0.7,male,0.652
0.302,0.422,0.665,male,0.509
0.409,0.434,0.742,male,0.533
0.32,0.33,0.694,male,0.592
0.382,0.36,0.705,male,0.54
0.432,0.432,0.662,male,0.52
0.439,0.365,0.775,male,0.553
0.382,0.331,0.632,male,0.524
0.333,0.398,0.689,male,0.525
0.376,0.394,0.67,male,0.566
0.384,0.454,0.729,male,0.533
0.376,0.373,0.7,male,0.538
0.43,0.356,0.676,male,0.539
0.381,0.371,0.693,male,0.557
0.356,0.418,0.735,male,0.553
0.383,0.409,0.739,male,0.524
0.456,0.384,0.709,male,0.558
0.358,0.406,0.728,male,0.496
0.458,0.369,0.69,male,0.553
0.427,0.318,0.549,male,0.579
0.398,0.385,0.732,male,0.522
0.433,0.366,0.728,male,0.547
0.414,0.279,0.781,male,0.588
0.43,0.425,0.716,male,0.546
0.378,0.359,0.523,male,0.554
0.47,0.406,0.671,male,0.547
0.378,0.401,0.67,male,0.528
0.362,0.399,0.661,male,0.519
0.397,0.388,0.612,male,0.503
0.357,0.403,0.63,male,0.541
0.375,0.353,0.738,male,0.568
0.356,0.406,0.683,male,0.527
0.307,0.41,0.717,male,0.565
0.391,0.38,0.71,male,0.487
0.361,0.422,0.689,male,0.531
0.342,0.344,0.776,male,0.547
0.385,0.412,0.686,male,0.533
0.42,0.333,0.482,male,0.526
0.38,0.408,0.677,male,0.542
0.35,0.335,0.685,male,0.589
0.39,0.336,0.722,male,0.576
0.384,0.377,0.673,male,0.575
0.365,0.414,0.686,male,0.561
0.406,0.388,0.588,male,0.528
0.352,0.39,0.731,male,0.526
0.41,0.416,0.665,male,0.547
0.397,0.41,0.743,male,0.539
0.46,0.397,0.733,male,0.578
0.378,0.418,0.712,male,0.53
0.404,0.432,0.675,male,0.565
0.415,0.336,0.659,male,0.551
0.472,0.208,0.686,male,0.623
0.44,0.428,0.678,male,0.555
0.423,0.327,0.666,male,0.551
0.41,0.406,0.721,male,0.542
0.375,0.414,0.651,male,0.511
0.375,0.451,0.682,male,0.541
0.481,0.379,0.737,male,0.553
0.405,0.381,0.804,male,0.536
0.379,0.364,0.682,male,0.558
0.344,0.416,0.755,male,0.555
0.449,0.358,0.735,male,0.557
0.377,0.454,0.624,male,0.544
0.406,0.441,0.708,male,0.552
0.448,0.396,0.717,male,0.561
0.441,0.37,0.795,male,0.504
0.426,0.42,0.826,male,0.515
0.394,0.46,0.627,male,0.547
0.355,0.421,0.608,male,0.563
0.389,0.365,0.66,male,0.521
0.436,0.374,0.657,male,0.551
0.341,0.416,0.702,male,0.525
0.496,0.202,0.664,male,0.598
0.507,0.458,0.61,male,0.56
0.403,0.332,0.763,male,0.574
0.36,0.404,0.712,male,0.526
0.426,0.38,0.702,male,0.558
0.478,0.386,0.721,male,0.559
0.401,0.454,0.56,male,0.555
0.394,0.385,0.778,male,0.556
0.451,0.414,0.623,male,0.565
0.361,0.418,0.665,male,0.564
0.374,0.474,0.556,male,0.556
0.396,0.437,0.843,male,0.512
0.343,0.419,0.625,male,0.538
0.455,0.375,0.848,male,0.549
0.432,0.269,0.712,male,0.594
0.498,0.465,0.617,male,0.561
0.381,0.389,0.813,male,0.545
0.464,0.4,0.738,male,0.561
0.449,0.378,0.687,male,0.569
0.482,0.395,0.753,male,0.576
0.487,0.435,0.673,male,0.555
0.404,0.405,0.734,male,0.548
0.421,0.384,0.744,male,0.555
0.472,0.434,0.658,male,0.57
0.339,0.424,0.683,male,0.569
0.383,0.387,0.769,male,0.544
0.404,0.45,0.635,male,0.543
0.397,0.362,0.685,male,0.565
0.402,0.387,0.678,male,0.566
0.405,0.314,0.733,male,0.574
0.418,0.417,0.685,male,0.554
0.441,0.455,0.625,male,0.53
0.37,0.441,0.648,male,0.536
0.436,0.437,0.54,male,0.576
0.403,0.446,0.639,male,0.55
0.414,0.383,0.713,male,0.561
0.435,0.425,0.719,male,0.517
0.38,0.41,0.657,male,0.557
0.437,0.451,0.619,male,0.568
0.396,0.431,0.643,male,0.512
0.409,0.412,0.655,male,0.56
0.389,0.431,0.678,male,0.541
0.397,0.471,0.667,male,0.541
0.404,0.436,0.679,male,0.542
0.458,0.431,0.775,male,0.553
0.472,0.426,0.598,male,0.556
0.515,0.389,0.779,male,0.569
0.38,0.372,0.701,male,0.564
0.445,0.435,0.835,male,0.515
0.376,0.441,0.885,male,0.464
0.454,0.389,0.696,male,0.587
0.427,0.449,0.583,male,0.539
0.444,0.384,0.668,male,0.575
0.487,0.438,0.582,male,0.563
0.438,0.445,0.533,male,0.555
0.422,0.377,0.661,male,0.579
0.423,0.459,0.528,male,0.558
0.444,0.422,0.615,male,0.576
0.444,0.45,0.464,male,0.548
0.392,0.462,0.564,male,0.562
0.412,0.48,0.397,male,0.562
0.463,0.458,0.583,male,0.562
0.45,0.437,0.586,male,0.562
0.434,0.438,0.489,male,0.57
0.428,0.451,0.57,male,0.566
0.405,0.456,0.506,male,0.571
0.355,0.454,0.541,male,0.563
0.413,0.446,0.471,male,0.571
0.472,0.412,0.632,male,0.565
0.394,0.435,0.481,male,0.557
0.368,0.468,0.535,male,0.567
0.447,0.394,0.603,male,0.593
0.48,0.447,0.523,male,0.562
0.433,0.45,0.514,male,0.526
0.388,0.464,0.54,male,0.556
0.41,0.468,0.549,male,0.54
0.355,0.429,0.631,male,0.534
0.398,0.437,0.489,male,0.539
0.449,0.423,0.596,male,0.545
0.429,0.459,0.515,male,0.54
0.411,0.445,0.488,male,0.557
0.392,0.477,0.536,male,0.54
0.444,0.416,0.667,male,0.553
0.393,0.437,0.515,male,0.525
0.36,0.465,0.548,male,0.539
0.397,0.429,0.565,male,0.559
0.428,0.44,0.563,male,0.596
0.437,0.445,0.604,male,0.561
0.359,0.457,0.546,male,0.549
0.384,0.436,0.584,male,0.525
0.433,0.422,0.644,male,0.554
0.437,0.418,0.599,male,0.545
0.388,0.468,0.636,male,0.54
0.437,0.42,0.646,male,0.55
0.454,0.44,0.549,male,0.556
0.424,0.44,0.573,male,0.532
0.439,0.43,0.555,male,0.546
0.434,0.454,0.557,male,0.546
0.362,0.446,0.499,male,0.551
0.372,0.442,0.527,male,0.552
0.42,0.41,0.556,male,0.577
0.421,0.449,0.503,male,0.554
0.465,0.459,0.545,male,0.561
0.386,0.471,0.569,male,0.552
0.399,0.461,0.539,male,0.563
0.383,0.457,0.51,male,0.549
0.434,0.445,0.559,male,0.556
0.36,0.46,0.595,male,0.546
0.4,0.452,0.539,male,0.55
0.442,0.442,0.565,male,0.55
0.394,0.421,0.685,male,0.538
0.394,0.42,0.71,male,0.547
0.415,0.41,0.663,male,0.544
0.426,0.407,0.756,male,0.53
0.398,0.4,0.705,male,0.507
0.474,0.381,0.865,male,0.511
0.416,0.435,0.764,male,0.524
0.41,0.298,0.743,male,0.577
0.471,0.366,0.732,male,0.517
0.345,0.386,0.836,male,0.521
0.407,0.233,0.797,male,0.555
0.449,0.403,0.832,male,0.523
0.368,0.371,0.767,male,0.525
0.397,0.425,0.68,male,0.494
0.461,0.303,0.712,male,0.559
0.391,0.449,0.621,male,0.525
0.376,0.272,0.763,male,0.577
0.419,0.394,0.688,male,0.53
0.402,0.356,0.788,male,0.567
0.385,0.413,0.597,male,0.469
0.4,0.353,0.752,male,0.498
0.431,0.331,0.816,male,0.549
0.437,0.334,0.848,male,0.524
0.327,0.439,0.76,male,0.51
0.377,0.348,0.761,male,0.571
0.348,0.415,0.664,male,0.482
0.414,0.326,0.746,male,0.567
0.445,0.431,0.761,male,0.484
0.459,0.346,0.765,male,0.556
0.386,0.432,0.798,male,0.509
0.364,0.422,0.72,male,0.493
0.46,0.349,0.788,male,0.565
0.4,0.468,0.769,male,0.522
0.402,0.455,0.687,male,0.521
0.453,0.427,0.868,male,0.486
0.397,0.422,0.733,male,0.507
0.417,0.315,0.768,male,0.549
0.394,0.296,0.734,male,0.561
0.429,0.443,0.735,male,0.483
0.427,0.356,0.764,male,0.533
0.445,0.4,0.87,male,0.492
0.391,0.395,0.787,male,0.519
0.358,0.436,0.709,male,0.532
0.494,0.648,0.848,male,0.296
0.423,0.41,0.937,male,0.415
0.406,0.457,0.707,male,0.524
0.402,0.459,0.685,male,0.511
0.326,0.346,0.728,male,0.523
0.427,0.414,0.672,male,0.503
0.385,0.473,0.67,male,0.494
0.413,0.5,0.83,male,0.477
0.466,0.46,0.781,male,0.514
0.377,0.492,0.931,male,0.308
0.449,0.337,0.697,male,0.576
0.31,0.41,0.762,male,0.494
0.405,0.419,0.897,male,0.523
0.408,0.374,0.73,male,0.539
0.411,0.423,0.8,male,0.532
0.411,0.433,0.894,male,0.455
0.391,0.431,0.826,male,0.51
0.372,0.353,0.688,male,0.499
0.416,0.367,0.652,male,0.445
0.381,0.34,0.747,male,0.49
0.303,0.298,0.647,male,0.52
0.302,0.367,0.768,male,0.5
0.408,0.374,0.786,male,0.489
0.351,0.368,0.744,male,0.541
0.352,0.341,0.612,male,0.512
0.321,0.316,0.642,male,0.54
0.504,0.388,0.742,male,0.483
0.342,0.375,0.64,male,0.486
0.399,0.358,0.659,male,0.488
0.362,0.393,0.661,male,0.472
0.327,0.387,0.693,male,0.493
0.411,0.42,0.705,male,0.514
0.366,0.381,0.714,male,0.477
0.372,0.373,0.698,male,0.503
0.352,0.375,0.712,male,0.485
0.4,0.35,0.713,male,0.499
0.358,0.325,0.629,male,0.503
0.348,0.329,0.671,male,0.538
0.411,0.343,0.754,male,0.511
0.272,0.205,0.661,male,0.654
0.372,0.366,0.745,male,0.503
0.351,0.351,0.718,male,0.494
0.376,0.304,0.674,male,0.549
0.436,0.401,0.754,male,0.479
0.253,0.339,0.634,male,0.578
0.384,0.368,0.643,male,0.508
0.422,0.288,0.648,male,0.532
0.381,0.381,0.686,male,0.55
0.488,0.385,0.642,male,0.467
0.396,0.318,0.656,male,0.507
0.379,0.363,0.723,male,0.468
0.345,0.373,0.703,male,0.454
0.357,0.394,0.601,male,0.468
0.369,0.387,0.752,male,0.496
0.328,0.41,0.794,male,0.443
0.317,0.378,0.658,male,0.466
0.403,0.408,0.811,male,0.443
0.394,0.353,0.696,male,0.545
0.306,0.346,0.718,male,0.487
0.416,0.403,0.854,male,0.465
0.386,0.408,0.7,male,0.526
0.336,0.344,0.698,male,0.504
0.373,0.411,0.814,male,0.428
0.324,0.363,0.636,male,0.504
0.444,0.356,0.761,male,0.489
0.32,0.344,0.861,male,0.544
0.423,0.385,0.663,male,0.469
0.344,0.319,0.668,male,0.614
0.404,0.308,0.721,male,0.595
0.384,0.364,0.775,male,0.491
0.359,0.326,0.675,male,0.55
0.336,0.38,0.675,male,0.466
0.394,0.366,0.719,male,0.541
0.349,0.343,0.715,male,0.5
0.345,0.374,0.713,male,0.475
0.399,0.366,0.751,male,0.484
0.267,0.368,0.656,male,0.524
0.474,0.47,0.497,male,0.576
0.452,0.42,0.738,male,0.55
0.429,0.362,0.702,male,0.578
0.484,0.383,0.718,male,0.575
0.453,0.389,0.587,male,0.587
0.461,0.296,0.706,male,0.603
0.473,0.396,0.569,male,0.602
0.392,0.338,0.578,male,0.625
0.396,0.434,0.562,male,0.567
0.334,0.416,0.606,male,0.56
0.369,0.413,0.6,male,0.579
0.443,0.41,0.651,male,0.59
0.468,0.352,0.733,male,0.579
0.45,0.38,0.694,male,0.589
0.434,0.391,0.715,male,0.58
0.418,0.368,0.599,male,0.589
0.419,0.422,0.531,male,0.571
0.397,0.388,0.637,male,0.593
0.409,0.414,0.594,male,0.583
0.4,0.405,0.608,male,0.594
0.378,0.376,0.656,male,0.607
0.427,0.387,0.601,male,0.587
0.428,0.386,0.571,male,0.592
0.451,0.437,0.578,male,0.593
0.466,0.368,0.686,male,0.572
0.408,0.372,0.687,male,0.588
0.381,0.358,0.661,male,0.598
0.448,0.409,0.639,male,0.566
0.441,0.429,0.571,male,0.546
0.422,0.317,0.606,male,0.607
0.413,0.343,0.641,male,0.602
0.404,0.384,0.641,male,0.6
0.362,0.431,0.536,male,0.55
0.357,0.342,0.691,male,0.624
0.375,0.394,0.599,male,0.58
0.504,0.347,0.653,male,0.628
0.388,0.342,0.666,male,0.608
0.445,0.418,0.54,male,0.586
0.445,0.313,0.695,male,0.638
0.415,0.387,0.545,male,0.565
0.418,0.332,0.658,male,0.63
0.357,0.415,0.595,male,0.577
0.456,0.322,0.625,male,0.622
0.459,0.263,0.624,male,0.678
0.423,0.326,0.651,male,0.628
0.403,0.315,0.679,male,0.585
0.524,0.409,0.655,male,0.568
0.414,0.342,0.665,male,0.604
0.375,0.395,0.594,male,0.588
0.398,0.42,0.608,male,0.581
0.451,0.455,0.644,male,0.561
0.346,0.269,0.748,male,0.634
0.373,0.389,0.682,male,0.6
0.405,0.417,0.599,male,0.581
0.461,0.413,0.608,male,0.598
0.385,0.366,0.627,male,0.61
0.418,0.428,0.651,male,0.56
0.38,0.438,0.508,male,0.594
0.394,0.398,0.664,male,0.579
0.406,0.419,0.623,male,0.566
0.387,0.349,0.768,male,0.507
0.449,0.388,0.791,male,0.517
0.379,0.32,0.69,male,0.602
0.351,0.315,0.702,male,0.549
0.419,0.34,0.799,male,0.487
0.314,0.306,0.788,male,0.549
0.418,0.286,0.816,male,0.555
0.387,0.268,0.816,male,0.572
0.364,0.259,0.734,male,0.576
0.329,0.291,0.772,male,0.626
0.426,0.323,0.775,male,0.561
0.317,0.309,0.738,male,0.533
0.37,0.311,0.712,male,0.611
0.427,0.29,0.747,male,0.609
0.434,0.278,0.788,male,0.633
0.322,0.304,0.72,male,0.65
0.262,0.34,0.759,male,0.468
0.304,0.265,0.764,male,0.577
0.322,0.294,0.676,male,0.634
0.336,0.254,0.787,male,0.594
0.386,0.312,0.772,male,0.613
0.371,0.345,0.728,male,0.475
0.412,0.36,0.772,male,0.554
0.322,0.333,0.747,male,0.511
0.296,0.266,0.803,male,0.587
0.322,0.342,0.808,male,0.533
0.36,0.323,0.775,male,0.541
0.337,0.301,0.739,male,0.61
0.384,0.324,0.794,male,0.56
0.395,0.388,0.777,male,0.546
0.353,0.352,0.753,male,0.569
0.263,0.286,0.783,male,0.564
0.331,0.271,0.756,male,0.605
0.377,0.321,0.768,male,0.514
0.385,0.342,0.795,male,0.467
0.312,0.309,0.756,male,0.543
0.335,0.32,0.764,male,0.509
0.31,0.356,0.759,male,0.551
0.403,0.336,0.768,male,0.561
0.37,0.342,0.746,male,0.577
0.435,0.354,0.828,male,0.512
0.398,0.206,0.696,male,0.6
0.376,0.281,0.781,male,0.559
0.294,0.417,0.712,male,0.506
0.288,0.381,0.791,male,0.505
0.232,0.278,0.764,male,0.584
0.401,0.329,0.771,male,0.578
0.284,0.383,0.665,male,0.566
0.253,0.348,0.664,male,0.59
0.41,0.381,0.76,male,0.519
0.343,0.293,0.732,male,0.657
0.267,0.364,0.783,male,0.495
0.349,0.441,0.697,male,0.483
0.253,0.312,0.791,male,0.57
0.383,0.417,0.742,male,0.534
0.317,0.321,0.758,male,0.55
0.281,0.284,0.739,male,0.569
0.29,0.367,0.797,male,0.49
0.35,0.328,0.692,male,0.536
0.328,0.376,0.821,male,0.519
0.309,0.414,0.916,male,0.388
0.297,0.446,0.895,male,0.4
0.29,0.559,0.959,male,0.214
0.3,0.279,0.721,male,0.701
0.34,0.196,0.716,male,0.754
0.327,0.332,0.79,male,0.663
0.363,0.268,0.792,male,0.658
0.289,0.225,0.708,male,0.78
0.355,0.301,0.794,male,0.64
0.314,0.346,0.778,male,0.646
0.482,0.276,0.638,male,0.738
0.3,0.31,0.814,male,0.679
0.308,0.316,0.864,male,0.643
0.273,0.384,0.731,male,0.419
0.192,0.369,0.758,male,0.423
0.217,0.382,0.725,male,0.389
0.242,0.354,0.703,male,0.399
0.213,0.387,0.716,male,0.42
0.191,0.385,0.791,male,0.419
0.287,0.418,0.759,male,0.386
0.343,0.446,0.874,male,0.371
0.348,0.435,0.814,male,0.391
0.395,0.538,0.94,male,0.34
0.365,0.466,0.922,male,0.34
0.326,0.452,0.877,male,0.386
0.343,0.517,0.897,male,0.326
0.377,0.665,0.944,male,0.21
0.319,0.467,0.849,male,0.386
0.32,0.459,0.92,male,0.414
0.253,0.418,0.943,male,0.402
0.256,0.412,0.877,male,0.42
0.255,0.555,0.866,male,0.124
0.36,0.43,0.71,male,0.432
0.394,0.573,0.822,male,0.142
0.306,0.576,0.848,male,0.201
0.312,0.413,0.664,male,0.418
0.326,0.414,0.655,male,0.426
0.35,0.636,0.799,male,0.163
0.256,0.444,0.751,male,0.406
0.274,0.426,0.66,male,0.426
0.216,0.453,0.754,male,0.377
0.272,0.55,0.769,male,0.237
0.214,0.606,0.834,male,0.138
0.354,0.389,0.84,male,0.408
0.375,0.503,0.811,male,0.381
0.322,0.53,0.804,male,0.391
0.361,0.458,0.772,male,0.449
0.418,0.453,0.799,male,0.433
0.309,0.446,0.599,male,0.483
0.203,0.532,0.827,male,0.353
0.371,0.443,0.754,male,0.468
0.337,0.625,0.869,male,0.105
0.433,0.471,0.774,male,0.452
0.201,0.608,0.905,male,0.139
0.297,0.407,0.61,male,0.436
0.332,0.466,0.734,male,0.408
0.258,0.622,0.832,male,0.202
0.294,0.559,0.884,male,0.215
0.228,0.494,0.868,male,0.316
0.244,0.449,0.695,male,0.374
0.312,0.468,0.767,male,0.402
0.253,0.415,0.655,male,0.406
0.308,0.412,0.713,male,0.453
0.311,0.397,0.764,male,0.459
0.293,0.399,0.669,male,0.437
0.304,0.391,0.654,male,0.433
0.295,0.383,0.761,male,0.455
0.299,0.372,0.771,male,0.443
0.271,0.379,0.727,male,0.455
0.295,0.365,0.776,male,0.469
0.258,0.387,0.681,male,0.432
0.271,0.393,0.673,male,0.442
0.341,0.398,0.743,male,0.447
0.286,0.392,0.681,male,0.446
0.311,0.397,0.772,male,0.463
0.35,0.412,0.757,male,0.474
0.354,0.388,0.741,male,0.478
0.324,0.402,0.706,male,0.474
0.336,0.413,0.71,male,0.456
0.3,0.39,0.677,male,0.437
0.348,0.386,0.652,male,0.433
0.33,0.401,0.725,male,0.459
0.256,0.399,0.675,male,0.438
0.32,0.398,0.695,male,0.445
0.353,0.412,0.665,male,0.453
0.375,0.397,0.684,male,0.445
0.3,0.415,0.712,male,0.447
0.328,0.415,0.633,male,0.461
0.337,0.47,0.712,male,0.495
0.346,0.467,0.723,male,0.503
0.331,0.412,0.7,male,0.468
0.321,0.405,0.671,male,0.463
0.303,0.415,0.673,male,0.468
0.31,0.412,0.706,male,0.471
0.332,0.403,0.75,male,0.445
0.319,0.398,0.792,male,0.465
0.384,0.402,0.749,male,0.495
0.324,0.391,0.738,male,0.437
0.244,0.392,0.8,male,0.443
0.29,0.387,0.75,male,0.454
0.292,0.378,0.785,male,0.473
0.296,0.384,0.745,male,0.443
0.26,0.399,0.783,male,0.446
0.297,0.4,0.8,male,0.446
0.321,0.405,0.791,male,0.477
0.294,0.399,0.729,male,0.453
0.325,0.399,0.711,male,0.449
0.255,0.381,0.732,male,0.431
0.33,0.373,0.806,male,0.463
0.363,0.377,0.715,male,0.447
0.267,0.406,0.668,male,0.436
0.33,0.435,0.724,male,0.463
0.301,0.408,0.693,male,0.455
0.328,0.397,0.656,male,0.436
0.711,0.621,0.877,female,0.251
0.571,0.152,0.706,female,0.709
0.554,0.154,0.681,female,0.745
0.698,0.256,0.692,female,0.73
0.585,0.189,0.58,female,0.769
0.619,0.184,0.667,female,0.64
0.586,0.415,0.776,female,0.513
0.59,0.204,0.65,female,0.777
0.59,0.161,0.672,female,0.742
0.485,0.138,0.703,female,0.728
0.632,0.124,0.621,female,0.686
0.559,0.118,0.554,female,0.69
0.588,0.189,0.71,female,0.639
0.555,0.173,0.715,female,0.628
0.544,0.205,0.73,female,0.634
0.72,0.148,0.657,female,0.704
0.783,0.653,0.81,female,0.245
0.577,0.455,0.895,female,0.316
0.657,0.627,0.822,female,0.119
0.771,0.653,0.927,female,0.213
0.734,0.634,0.921,female,0.12
0.674,0.625,0.896,female,0.272
0.759,0.702,0.902,female,0.249
0.757,0.401,0.969,female,0.258
0.723,0.642,0.832,female,0.129
0.741,0.567,0.933,female,0.343
0.576,0.524,0.888,female,0.183
0.724,0.572,0.895,female,0.261
0.733,0.486,0.789,female,0.386
0.736,0.616,0.88,female,0.129
0.771,0.724,0.814,female,0.063
0.613,0.153,0.615,female,0.764
0.595,0.142,0.573,female,0.767
0.416,0.135,0.558,female,0.702
0.485,0.531,0.796,female,0.313
0.519,0.127,0.506,female,0.728
0.57,0.12,0.556,female,0.74
0.503,0.224,0.678,female,0.724
0.576,0.164,0.652,female,0.746
0.708,0.168,0.602,female,0.739
0.673,0.118,0.597,female,0.743
0.652,0.094,0.597,female,0.703
0.52,0.11,0.632,female,0.771
0.752,0.156,0.678,female,0.73
0.555,0.329,0.75,female,0.582
0.671,0.311,0.852,female,0.16
0.509,0.222,0.756,female,0.735
0.425,0.115,0.649,female,0.791
0.591,0.089,0.642,female,0.782
0.503,0.135,0.722,female,0.756
0.777,0.153,0.679,female,0.798
0.727,0.196,0.749,female,0.716
0.654,0.115,0.656,female,0.693
0.419,0.212,0.752,female,0.751
0.698,0.158,0.704,female,0.7
0.467,0.236,0.865,female,0.571
0.71,0.185,0.79,female,0.657
0.729,0.157,0.717,female,0.733
0.656,0.189,0.842,female,0.628
0.453,0.361,0.825,female,0.599
0.693,0.125,0.663,female,0.741
0.636,0.152,0.727,female,0.714
0.56,0.215,0.84,female,0.677
0.663,0.246,0.799,female,0.659
0.727,0.613,0.904,female,0.246
0.606,0.532,0.947,female,0.173
0.699,0.58,0.936,female,0.161
0.765,0.447,0.881,female,0.437
0.871,0.661,0.986,female,0.176
0.683,0.55,0.966,female,0.23
0.675,0.62,0.977,female,0.246
0.595,0.581,0.812,female,0.194
0.714,0.642,0.939,female,0.187
0.698,0.671,0.903,female,0.216
0.789,0.59,0.93,female,0.249
0.743,0.658,0.863,female,0.097
0.753,0.501,0.893,female,0.345
0.705,0.655,0.842,female,0.095
0.675,0.474,0.9,female,0.132
0.764,0.669,0.908,female,0.169
0.745,0.468,0.848,female,0.097
0.724,0.66,0.931,female,0.153
0.697,0.545,0.878,female,0.214
0.749,0.678,0.927,female,0.141
0.748,0.662,0.909,female,0.221
0.662,0.654,0.933,female,0.22
0.754,0.645,0.874,female,0.283
0.66,0.596,0.933,female,0.12
0.683,0.591,0.971,female,0.209
0.801,0.622,0.925,female,0.214
0.759,0.659,0.921,female,0.229
0.757,0.626,0.955,female,0.211
0.763,0.761,0.879,female,0.208
0.674,0.59,0.833,female,0.235
0.609,0.334,0.726,female,0.607
0.541,0.187,0.656,female,0.741
0.338,0.269,0.701,female,0.551
0.45,0.52,0.968,female,0.279
0.467,0.515,0.922,female,0.328
0.739,0.631,0.556,female,0.023
0.48,0.563,0.923,female,0.244
0.514,0.395,0.768,female,0.455
0.51,0.456,0.763,female,0.408
0.503,0.434,0.854,female,0.43
0.736,0.67,0.857,female,0.234
0.62,0.702,0.82,female,0.284
0.811,0.623,0.874,female,0.295
0.715,0.672,0.847,female,0.112
0.801,0.695,0.87,female,0.21
0.745,0.658,0.884,female,0.145
0.618,0.493,0.878,female,0.105
0.673,0.096,0.509,female,0.8
0.563,0.46,0.776,female,0.429
0.585,0.266,0.767,female,0.675
0.576,0.148,0.634,female,0.739
0.441,0.646,0.93,female,0.244
0.601,0.178,0.707,female,0.71
0.55,0.181,0.724,female,0.689
0.604,0.178,0.751,female,0.66
0.564,0.21,0.736,female,0.715
0.48,0.557,0.825,female,0.255
0.617,0.072,0.434,female,0.944
0.773,0.048,0.347,female,0.979
0.884,0.048,0.38,female,0.972
0.87,0.055,0.471,female,0.916
0.774,0.09,0.476,female,0.928
0.819,0.034,0.357,female,0.965
0.879,0.09,0.48,female,0.931
0.935,0.076,0.355,female,0.955
0.846,0.045,0.386,female,0.973
0.953,0.044,0.395,female,0.955
0.774,0.002,0.188,female,0.824
0.432,0.248,0.755,female,0.494
0.345,0.158,0.772,female,0.497
0.439,0.331,0.751,female,0.489
0.456,0.201,0.781,female,0.506
0.2,0.096,0.7,female,0.518
0.204,0.142,0.727,female,0.489
0.475,0.117,0.713,female,0.508
0.231,0.066,0.574,female,0.537
0.204,0.134,0.758,female,0.497
0.384,0.23,0.803,female,0.519
0.639,0.586,0.918,female,0.169
0.692,0.635,0.911,female,0.213
0.59,0.475,0.977,female,0.254
0.739,0.272,0.835,female,0.639
0.787,0.498,0.877,female,0.367
0.758,0.398,0.735,female,0.466
0.641,0.036,0.409,female,0.759
0.438,0.107,0.545,female,0.715
0.482,0.117,0.511,female,0.681
0.474,0.09,0.519,female,0.684
0.512,0.6,0.96,female,0.231
0.59,0.063,0.359,female,0.708
0.584,0.142,0.572,female,0.803
0.492,0.082,0.409,female,0.709
0.553,0.079,0.411,female,0.706
0.633,0.088,0.465,female,0.703
0.627,0.105,0.684,female,0.69
0.593,0.078,0.38,female,0.675
0.633,0.092,0.516,female,0.68
0.677,0.062,0.42,female,0.687
0.596,0.061,0.422,female,0.681
0.628,0.033,0.277,female,0.666
0.572,0.027,0.321,female,0.655
0.568,0.083,0.429,female,0.657
0.561,0.052,0.468,female,0.656
0.638,0.056,0.316,female,0.69
0.643,0.038,0.323,female,0.696
0.614,0.064,0.469,female,0.676
0.673,0.066,0.359,female,0.67
0.655,0.08,0.457,female,0.702
0.641,0.027,0.344,female,0.683
0.606,0.067,0.326,female,0.673
0.584,0.383,0.686,female,0.345
0.625,0.068,0.387,female,0.675
0.598,0.077,0.473,female,0.669
0.585,0.11,0.534,female,0.648
0.569,0.079,0.456,female,0.698
0.598,0.06,0.621,female,0.632
0.594,0.087,0.584,female,0.648
0.534,0.042,0.394,female,0.653
0.634,0.105,0.519,female,0.667
0.494,0.05,0.385,female,0.677
0.569,0.478,0.747,female,0.233
0.55,0.056,0.395,female,0.66
0.521,0.009,0.113,female,0.696
0.637,0.108,0.534,female,0.673
0.573,0.089,0.571,female,0.65
0.657,0.071,0.375,female,0.664
0.654,0.051,0.431,female,0.709
0.587,0.034,0.372,female,0.667
0.673,0.042,0.337,female,0.695
0.663,0.067,0.419,female,0.681
0.644,0.068,0.377,female,0.695
0.663,0.096,0.492,female,0.69
0.608,0.033,0.222,female,0.695
0.618,0.101,0.502,female,0.639
0.654,0.02,0.356,female,0.663
0.623,0.04,0.47,female,0.665
0.641,0.142,0.534,female,0.667
0.62,0.046,0.447,female,0.672
0.63,0.063,0.424,female,0.687
0.598,0.054,0.418,female,0.666
0.594,0.083,0.393,female,0.689
0.63,0.081,0.459,female,0.692
0.654,0.058,0.595,female,0.655
0.656,0.051,0.403,female,0.67
0.599,0.073,0.483,female,0.661
0.532,0.079,0.495,female,0.66
0.611,0.095,0.538,female,0.663
0.656,0.066,0.436,female,0.691
0.61,0.044,0.351,female,0.709
0.649,0.062,0.495,female,0.675
0.616,0.036,0.38,female,0.694
0.621,0.056,0.586,female,0.647
0.623,0.027,0.429,female,0.669
0.552,0.043,0.415,female,0.648
0.514,0.099,0.504,female,0.664
0.566,0.058,0.339,female,0.667
0.541,0.041,0.363,female,0.648
0.597,0.035,0.321,female,0.671
0.595,0.046,0.431,female,0.645
0.642,0.144,0.528,female,0.685
0.544,0.064,0.349,female,0.658
0.622,0.03,0.328,female,0.666
0.679,0.066,0.463,female,0.724
0.625,0.134,0.524,female,0.698
0.642,0.111,0.548,female,0.686
0.678,0.083,0.388,female,0.678
0.621,0.013,0.037,female,0.719
0.681,0.088,0.434,female,0.693
0.652,0.041,0.338,female,0.68
0.607,0.091,0.497,female,0.673
0.627,0.056,0.483,female,0.677
0.614,0.028,0.351,female,0.67
0.556,0.12,0.449,female,0.682
0.634,0.104,0.508,female,0.694
0.641,0.033,0.32,female,0.707
0.612,0.084,0.659,female,0.652
0.588,0.037,0.259,female,0.689
0.557,0.071,0.46,female,0.675
0.663,0.085,0.472,female,0.659
0.593,0.024,0.319,female,0.673
0.596,0.045,0.318,female,0.653
0.575,0.082,0.452,female,0.653
0.61,0.115,0.648,female,0.596
0.632,0.044,0.336,female,0.679
0.592,0.066,0.265,female,0.677
0.651,0.044,0.391,female,0.69
0.613,0.071,0.439,female,0.681
0.613,0.078,0.632,female,0.658
0.624,0.074,0.558,female,0.63
0.559,0.107,0.428,female,0.626
0.626,0.081,0.337,female,0.675
0.564,0.053,0.38,female,0.659
0.667,0.108,0.425,female,0.693
0.598,0.02,0.253,female,0.678
0.655,0.089,0.49,female,0.668
0.58,0.168,0.691,female,0.735
0.638,0.174,0.703,female,0.721
0.498,0.202,0.772,female,0.651
0.483,0.097,0.564,female,0.707
0.563,0.232,0.76,female,0.697
0.544,0.229,0.633,female,0.73
0.511,0.299,0.796,female,0.686
0.456,0.2,0.688,female,0.755
0.619,0.159,0.728,female,0.747
0.597,0.196,0.724,female,0.734
0.532,0.126,0.757,female,0.619
0.599,0.115,0.654,female,0.602
0.733,0.154,0.698,female,0.732
0.642,0.152,0.761,female,0.638
0.627,0.132,0.697,female,0.678
0.668,0.144,0.685,female,0.648
0.646,0.091,0.638,female,0.653
0.617,0.204,0.82,female,0.589
0.514,0.119,0.705,female,0.628
0.683,0.221,0.803,female,0.633
0.837,0.657,0.882,female,0.233
0.829,0.479,0.856,female,0.354
0.863,0.639,0.87,female,0.239
0.651,0.673,0.835,female,0.174
0.71,0.63,0.928,female,0.233
0.738,0.5,0.923,female,0.387
0.741,0.568,0.841,female,0.267
0.779,0.676,0.868,female,0.161
0.693,0.406,0.842,female,0.511
0.705,0.642,0.823,female,0.205
0.529,0.148,0.659,female,0.704
0.564,0.184,0.682,female,0.655
0.46,0.228,0.773,female,0.626
0.562,0.175,0.707,female,0.651
0.497,0.198,0.694,female,0.611
0.512,0.199,0.714,female,0.621
0.563,0.155,0.696,female,0.7
0.538,0.199,0.606,female,0.629
0.603,0.145,0.735,female,0.77
0.52,0.122,0.631,female,0.643
0.586,0.236,0.833,female,0.646
0.516,0.245,0.808,female,0.638
0.491,0.252,0.855,female,0.582
0.49,0.371,0.942,female,0.521
0.519,0.14,0.683,female,0.775
0.607,0.178,0.764,female,0.732
0.622,0.385,0.821,female,0.463
0.559,0.156,0.747,female,0.639
0.496,0.125,0.601,female,0.789
0.472,0.532,0.917,female,0.344
0.461,0.162,0.622,female,0.732
0.558,0.232,0.752,female,0.727
0.637,0.247,0.529,female,0.777
0.706,0.205,0.757,female,0.72
0.609,0.186,0.675,female,0.744
0.692,0.214,0.728,female,0.736
0.687,0.199,0.725,female,0.757
0.694,0.22,0.727,female,0.743
0.635,0.127,0.665,female,0.643
0.489,0.185,0.758,female,0.635
0.655,0.186,0.758,female,0.627
0.438,0.104,0.692,female,0.651
0.554,0.286,0.862,female,0.571
0.692,0.175,0.729,female,0.701
0.539,0.328,0.815,female,0.561
0.679,0.334,0.823,female,0.568
0.562,0.26,0.773,female,0.641
0.491,0.118,0.73,female,0.609
0.381,0.417,0.84,female,0.104
0.538,0.399,0.823,female,0.098
0.455,0.38,0.787,female,0.092
0.581,0.62,0.936,female,0.132
0.574,0.464,0.85,female,0.132
0.569,0.511,0.877,female,0.129
0.485,0.48,0.827,female,0.117
0.522,0.534,0.839,female,0.125
0.513,0.441,0.878,female,0.156
0.547,0.426,0.866,female,0.11
0.802,0.947,0.114,female,0.029
0.644,0.915,0.041,female,0
0.535,0.953,0.134,female,0
0.725,0.974,0.16,female,0.008
0.695,0.971,0.122,female,0
0.732,0.951,0.047,female,0
0.658,0.933,0,female,0
0.7,0.983,0.112,female,0.025
0.768,1,0.04,female,0
0.709,0.985,0.037,female,0
0.515,0.249,0.79,female,0.553
0.492,0.379,0.828,female,0.526
0.452,0.19,0.69,female,0.593
0.554,0.269,0.816,female,0.573
0.507,0.337,0.847,female,0.551
0.727,0.353,0.561,female,0.465
0.629,0.326,0.648,female,0.522
0.733,0.623,0.697,female,0.299
0.579,0.109,0.682,female,0.62
0.506,0.324,0.826,female,0.569
0.74,0.093,0.466,female,0.773
0.72,0.127,0.537,female,0.755
0.573,0.131,0.502,female,0.73
0.702,0.064,0.461,female,0.735
0.699,0.069,0.506,female,0.726
0.673,0.122,0.538,female,0.726
0.627,0.237,0.645,female,0.73
0.732,0.063,0.487,female,0.741
0.696,0.132,0.571,female,0.81
0.717,0.091,0.51,female,0.736
0.709,0.104,0.517,female,0.745
0.756,0.101,0.506,female,0.805
0.681,0.109,0.49,female,0.697
0.592,0.071,0.424,female,0.746
0.744,0.102,0.552,female,0.734
0.573,0.082,0.54,female,0.737
0.654,0.138,0.62,female,0.773
0.732,0.119,0.555,female,0.752
0.694,0.092,0.527,female,0.771
0.691,0.664,0.933,female,0.181
0.634,0.59,0.881,female,0.188
0.666,0.525,0.859,female,0.235
0.612,0.651,0.87,female,0.115
0.413,0.213,0.569,female,0.776
0.423,0.168,0.519,female,0.85
0.336,0.23,0.584,female,0.739
0.553,0.19,0.544,female,0.816
0.745,0.15,0.54,female,0.846
0.525,0.173,0.617,female,0.806
0.647,0.173,0.62,female,0.777
0.67,0.152,0.525,female,0.843
0.583,0.164,0.553,female,0.827
0.614,0.081,0.353,female,0.946
0.586,0.517,0.907,female,0.164
0.789,0.671,0.861,female,0.137
0.801,0.688,0.836,female,0.224
0.754,0.624,0.838,female,0.09
0.608,0.134,0.541,female,0.757
0.744,0.099,0.587,female,0.783
0.624,0.052,0.472,female,0.732
0.749,0.069,0.503,female,0.734
0.6,0.13,0.606,female,0.711
0.616,0.139,0.555,female,0.699
0.599,0.152,0.644,female,0.722
0.677,0.119,0.502,female,0.752
0.765,0.061,0.46,female,0.801
0.6,0.145,0.565,female,0.675
0.645,0.154,0.754,female,0.689
0.736,0.22,0.791,female,0.73
0.57,0.26,0.775,female,0.644
0.67,0.217,0.753,female,0.716
0.582,0.187,0.802,female,0.596
0.577,0.153,0.771,female,0.645
0.723,0.19,0.769,female,0.731
0.623,0.196,0.772,female,0.62
0.783,0.195,0.75,female,0.724
0.776,0.522,0.821,female,0.45
0.718,0.205,0.811,female,0.682
0.716,0.357,0.833,female,0.558
0.69,0.284,0.803,female,0.67
0.714,0.164,0.728,female,0.729
0.74,0.675,0.795,female,0.201
0.712,0.736,0.895,female,0.152
0.772,0.19,0.753,female,0.731
0.797,0.695,0.831,female,0.251
0.633,0.455,0.872,female,0.265
0.649,0.718,0.763,female,0.055
0.616,0.623,0.925,female,0.144
0.686,0.651,0.823,female,0.153
0.621,0.357,0.791,female,0.472
0.723,0.621,0.928,female,0.203
0.787,0.642,0.888,female,0.183
0.709,0.636,0.906,female,0.146
0.673,0.609,0.893,female,0.235
0.566,0.689,0.896,female,0.135
0.646,0.19,0.724,female,0.746
0.686,0.198,0.737,female,0.702
0.642,0.092,0.644,female,0.729
0.717,0.464,0.831,female,0.438
0.606,0.306,0.742,female,0.525
0.659,0.099,0.663,female,0.63
0.486,0.215,0.739,female,0.566
0.569,0.175,0.553,female,0.675
0.657,0.138,0.68,female,0.696
0.641,0.166,0.755,female,0.7
0.354,0.788,0.3,female,0.038
0.627,0.777,0.304,female,0.049
0.606,0.74,0.45,female,0.089
0.548,0.841,0.179,female,0.005
0.641,0.733,0.381,female,0.117
0.596,0.096,0.588,female,0.688
0.47,0.08,0.579,female,0.708
0.477,0.082,0.618,female,0.695
0.596,0.115,0.612,female,0.687
0.598,0.055,0.564,female,0.696
0.544,0.104,0.713,female,0.678
0.484,0.149,0.706,female,0.652
0.623,0.1,0.622,female,0.7
0.502,0.11,0.656,female,0.662
0.546,0.115,0.65,female,0.664
0.749,0.139,0.675,female,0.754
0.673,0.229,0.796,female,0.597
0.636,0.206,0.774,female,0.693
0.523,0.205,0.808,female,0.595
0.57,0.192,0.846,female,0.569
0.665,0.155,0.768,female,0.646
0.548,0.142,0.724,female,0.65
0.566,0.06,0.487,female,0.711
0.535,0.101,0.741,female,0.634
0.434,0.093,0.591,female,0.683
0.577,0.103,0.624,female,0.677
0.577,0.049,0.445,female,0.737
0.537,0.07,0.644,female,0.69
0.611,0.043,0.464,female,0.699
0.613,0.063,0.55,female,0.694
0.605,0.06,0.579,female,0.677
0.629,0.053,0.546,female,0.689
0.743,0.241,0.718,female,0.688
0.647,0.142,0.798,female,0.565
0.6,0.268,0.813,female,0.661
0.627,0.196,0.77,female,0.673
0.51,0.138,0.8,female,0.61
0.543,0.153,0.73,female,0.74
0.652,0.183,0.705,female,0.614
0.606,0.349,0.852,female,0.489
0.629,0.14,0.733,female,0.657
0.632,0.104,0.744,female,0.663
0.721,0.613,0.928,female,0.189
0.447,0.259,0.833,female,0.359
0.432,0.345,0.923,female,0.31
0.478,0.428,0.899,female,0.304
0.422,0.462,0.95,female,0.287
0.528,0.514,0.913,female,0.447
0.519,0.434,0.946,female,0.363
0.659,0.556,0.923,female,0.368
0.586,0.337,0.862,female,0.41
0.597,0.6,0.915,female,0.362
0.619,0.06,0.433,female,0.717
0.594,0.059,0.441,female,0.69
0.667,0.087,0.385,female,0.716
0.682,0.041,0.444,female,0.742
0.694,0.055,0.323,female,0.692
0.628,0.057,0.459,female,0.683
0.605,0.052,0.386,female,0.687
0.623,0.081,0.473,female,0.714
0.649,0.078,0.361,female,0.709
0.77,0.054,0.331,female,0.741
0.655,0.092,0.431,female,0.715
0.687,0.045,0.278,female,0.712
0.698,0.086,0.446,female,0.702
0.653,0.065,0.395,female,0.708
0.699,0.078,0.321,female,0.694
0.653,0.109,0.587,female,0.701
0.662,0.075,0.438,female,0.712
0.705,0.068,0.455,female,0.73
0.652,0.104,0.503,female,0.748
0.658,0.049,0.334,female,0.744
0.659,0.029,0.38,female,0.71
0.636,0.038,0.486,female,0.669
0.634,0.121,0.444,female,0.687
0.58,0.058,0.354,female,0.699
0.601,0.031,0.289,female,0.71
0.582,0.06,0.504,female,0.703
0.605,0.084,0.438,female,0.691
0.67,0.026,0.198,female,0.712
0.696,0.055,0.428,female,0.733
0.709,0.042,0.353,female,0.725
0.636,0.071,0.4,female,0.702
0.662,0.079,0.425,female,0.699
0.628,0.071,0.342,female,0.711
0.69,0.101,0.485,female,0.707
0.695,0.065,0.459,female,0.714
0.597,0.061,0.373,female,0.721
0.693,0.07,0.416,female,0.719
0.665,0.057,0.321,female,0.721
0.641,0.078,0.471,female,0.709
0.643,0.05,0.433,female,0.71
0.688,0.062,0.453,female,0.712
0.628,0.127,0.504,female,0.685
0.624,0.056,0.366,female,0.696
0.66,0.105,0.541,female,0.692
0.573,0.06,0.408,female,0.699
0.581,0.118,0.444,female,0.696
0.576,0.054,0.428,female,0.697
0.614,0.051,0.441,female,0.693
0.64,0.05,0.408,female,0.688
0.646,0.083,0.445,female,0.713
0.616,0.068,0.45,female,0.715
0.625,0.057,0.44,female,0.711
0.639,0.055,0.4,female,0.715
0.688,0.079,0.444,female,0.713
0.681,0.042,0.473,female,0.745
0.638,0.065,0.371,female,0.726
0.67,0.051,0.5,female,0.717
0.668,0.045,0.353,female,0.683
0.647,0.035,0.333,female,0.697
0.622,0.058,0.43,female,0.706
0.721,0.05,0.404,female,0.701
0.61,0.039,0.358,female,0.692
0.565,0.083,0.467,female,0.678
0.556,0.087,0.475,female,0.683
0.67,0.077,0.492,female,0.71
0.629,0.046,0.414,female,0.698
0.622,0.111,0.455,female,0.717
0.632,0.043,0.35,female,0.764
0.687,0.053,0.435,female,0.697
0.634,0.1,0.547,female,0.723
0.644,0.068,0.342,female,0.703
0.713,0.047,0.134,female,0.753
0.63,0.065,0.366,female,0.709
0.619,0.045,0.348,female,0.709
0.58,0.051,0.435,female,0.717
0.665,0.05,0.451,female,0.708
0.604,0.033,0.323,female,0.704
0.528,0.02,0.281,female,0.724
0.647,0.059,0.484,female,0.72
0.672,0.017,0.192,female,0.719
0.605,0.069,0.463,female,0.723
0.611,0.058,0.424,female,0.725
0.649,0.059,0.424,female,0.713
0.668,0.066,0.461,female,0.706
0.634,0.031,0.369,female,0.699
0.657,0.042,0.433,female,0.693
0.733,0.09,0.481,female,0.702
0.719,0.118,0.483,female,0.709
0.741,0.085,0.407,female,0.722
0.593,0.058,0.226,female,0.695
0.749,0.084,0.443,female,0.743
0.731,0.058,0.358,female,0.72
0.716,0.065,0.476,female,0.736
0.645,0.076,0.443,female,0.716
0.627,0.04,0.408,female,0.693
0.686,0.05,0.361,female,0.739
0.688,0.043,0.331,female,0.714
0.655,0.074,0.473,female,0.724
0.584,0.046,0.403,female,0.737
0.617,0.102,0.578,female,0.743
0.535,0.153,0.74,female,0.723
0.601,0.149,0.603,female,0.704
0.513,0.262,0.752,female,0.612
0.484,0.298,0.683,female,0.654
0.48,0.16,0.594,female,0.621
0.519,0.217,0.785,female,0.649
0.584,0.423,0.844,female,0.409
0.469,0.266,0.851,female,0.611
0.548,0.116,0.603,female,0.646
0.508,0.196,0.632,female,0.636
0.495,0.144,0.633,female,0.667
0.464,0.166,0.696,female,0.607
0.484,0.179,0.696,female,0.681
0.537,0.201,0.594,female,0.637
0.473,0.212,0.804,female,0.573
0.493,0.495,0.967,female,0.391
0.461,0.133,0.579,female,0.675
0.449,0.188,0.708,female,0.596
0.495,0.159,0.562,female,0.692
0.596,0.229,0.738,female,0.711
0.441,0.145,0.739,female,0.612
0.521,0.277,0.831,female,0.547
0.549,0.297,0.638,female,0.717
0.468,0.139,0.673,female,0.674
0.528,0.093,0.498,female,0.745
0.57,0.125,0.625,female,0.728
0.472,0.134,0.693,female,0.654
0.534,0.168,0.615,female,0.771
0.554,0.153,0.513,female,0.704
0.49,0.188,0.54,female,0.644
0.433,0.101,0.532,female,0.654
0.542,0.437,0.826,female,0.551
0.51,0.091,0.547,female,0.692
0.582,0.306,0.531,female,0.719
0.571,0.273,0.613,female,0.68
0.519,0.1,0.597,female,0.696
0.561,0.188,0.536,female,0.707
0.481,0.118,0.706,female,0.621
0.528,0.172,0.647,female,0.729
0.501,0.122,0.483,female,0.614
0.429,0.147,0.585,female,0.64
0.481,0.568,0.873,female,0.42
0.516,0.105,0.468,female,0.662
0.414,0.061,0.466,female,0.654
0.507,0.135,0.581,female,0.68
0.532,0.151,0.602,female,0.69
0.532,0.29,0.796,female,0.551
0.594,0.276,0.756,female,0.694
0.624,0.249,0.497,female,0.698
0.471,0.229,0.748,female,0.612
0.533,0.46,0.918,female,0.267
0.545,0.116,0.564,female,0.754
0.491,0.121,0.521,female,0.702
0.545,0.12,0.668,female,0.64
0.561,0.076,0.536,female,0.769
0.476,0.116,0.582,female,0.676
0.571,0.386,0.971,female,0.381
0.586,0.161,0.57,female,0.732
0.517,0.203,0.767,female,0.638
0.479,0.009,0.262,female,0.627
0.801,0.697,0.894,female,0.278
0.782,0.603,0.974,female,0.219
0.776,0.628,0.952,female,0.233
0.798,0.591,0.92,female,0.153
0.712,0.507,0.957,female,0.272
0.821,0.658,0.837,female,0.32
0.508,0.147,0.642,female,0.771
0.412,0.177,0.607,female,0.776
0.55,0.202,0.671,female,0.753
0.504,0.099,0.438,female,0.897
0.488,0.147,0.653,female,0.747
0.408,0.193,0.545,female,0.818
0.553,0.165,0.514,female,0.813
0.482,0.174,0.594,female,0.784
0.579,0.185,0.656,female,0.715
0.606,0.158,0.595,female,0.751
0.748,0.51,0.949,female,0.177
0.611,0.578,0.962,female,0.177
0.794,0.6,0.918,female,0.203
0.654,0.631,0.819,female,0.091
0.788,0.677,0.919,female,0.157
0.597,0.648,0.935,female,0.202
0.718,0.589,0.92,female,0.137
0.758,0.593,0.975,female,0.229
0.574,0.438,0.93,female,0.195
0.602,0.081,0.339,female,0.839
0.777,0.083,0.363,female,0.833
0.751,0.116,0.495,female,0.836
0.797,0.065,0.374,female,0.829
0.652,0.071,0.421,female,0.867
0.634,0.064,0.377,female,0.811
0.693,0.164,0.501,female,0.827
0.69,0.127,0.423,female,0.829
0.677,0.075,0.361,female,0.843
0.661,0.067,0.433,female,0.813
0.666,0.068,0.422,female,0.84
0.725,0.121,0.456,female,0.828
0.641,0.067,0.559,female,0.774
0.731,0.151,0.44,female,0.847
0.775,0.102,0.459,female,0.879
0.648,0.17,0.498,female,0.812
0.787,0.11,0.407,female,0.853
0.707,0.122,0.513,female,0.807
0.724,0.104,0.395,female,0.813
0.601,0.183,0.58,female,0.794
0.713,0.102,0.452,female,0.852
0.698,0.063,0.417,female,0.833
0.701,0.139,0.387,female,0.864
0.647,0.084,0.398,female,0.792
0.689,0.085,0.388,female,0.816
0.758,0.152,0.429,female,0.82
0.623,0.149,0.502,female,0.775
0.681,0.144,0.506,female,0.79
0.745,0.079,0.399,female,0.843
0.733,0.094,0.478,female,0.781
0.742,0.093,0.305,female,0.845
0.725,0.103,0.517,female,0.783
0.652,0.103,0.506,female,0.873
0.645,0.184,0.631,female,0.81
0.705,0.159,0.693,female,0.744
0.582,0.151,0.624,female,0.775
0.71,0.116,0.407,female,0.804
0.703,0.125,0.467,female,0.811
0.535,0.151,0.515,female,0.771
0.692,0.124,0.635,female,0.79
0.682,0.13,0.473,female,0.811
0.659,0.064,0.353,female,0.855
0.763,0.108,0.398,female,0.86
0.543,0.091,0.518,female,0.82
0.695,0.107,0.507,female,0.807
0.678,0.187,0.537,female,0.798
0.682,0.157,0.534,female,0.834
0.712,0.191,0.436,female,0.83
0.65,0.159,0.488,female,0.784
0.732,0.097,0.481,female,0.8
0.654,0.156,0.469,female,0.813
0.738,0.147,0.45,female,0.825
0.71,0.187,0.467,female,0.796
0.772,0.199,0.555,female,0.826
0.66,0.155,0.509,female,0.814
0.583,0.234,0.575,female,0.789
0.689,0.158,0.561,female,0.777
0.734,0.157,0.55,female,0.797
0.638,0.144,0.55,female,0.797
0.654,0.172,0.488,female,0.825
0.586,0.048,0.265,female,0.954
0.706,0.068,0.276,female,0.921
0.57,0.087,0.385,female,0.858
0.657,0.075,0.415,female,0.894
0.59,0.088,0.259,female,0.925
0.618,0.121,0.409,female,0.866
0.67,0.189,0.42,female,0.85
0.666,0.066,0.297,female,0.93
0.685,0.068,0.3,female,0.919
0.682,0.084,0.349,female,0.946
0.703,0.074,0.35,female,0.905
0.749,0.067,0.256,female,0.962
0.672,0.063,0.435,female,0.863
0.66,0.063,0.329,female,0.926
0.7,0.091,0.385,female,0.883
0.777,0.079,0.303,female,0.862
0.75,0.12,0.406,female,0.872
0.657,0.123,0.431,female,0.828
0.742,0.088,0.369,female,0.899
0.748,0.095,0.393,female,0.868
0.699,0.087,0.334,female,0.901
0.567,0.061,0.334,female,0.915
0.643,0.047,0.329,female,0.912
0.73,0.091,0.342,female,0.907
0.608,0.084,0.443,female,0.86
0.549,0.176,0.504,female,0.825
0.65,0.133,0.375,female,0.88
0.725,0.058,0.353,female,0.858
0.659,0.07,0.36,female,0.896
0.735,0.049,0.339,female,0.908
0.713,0.083,0.347,female,0.908
0.698,0.037,0.332,female,0.904
0.656,0.082,0.289,female,0.937
0.641,0.165,0.463,female,0.829
0.667,0.2,0.502,female,0.814
0.692,0.038,0.301,female,0.846
0.711,0.049,0.171,female,1
0.768,0.176,0.446,female,0.859
0.605,0.1,0.345,female,0.921
0.607,0.065,0.398,female,0.877
0.777,0.083,0.381,female,0.892
0.655,0.131,0.435,female,0.865
0.663,0.115,0.44,female,0.845
0.605,0.084,0.416,female,0.859
0.689,0.053,0.389,female,0.902
0.652,0.058,0.316,female,0.925
0.644,0.058,0.396,female,0.857
0.7,0.074,0.419,female,0.886
0.742,0.081,0.383,female,0.906
0.634,0.106,0.38,female,0.92
0.611,0.055,0.299,female,0.933
0.722,0.092,0.299,female,0.926
0.703,0.114,0.302,female,0.899
0.697,0.091,0.399,female,0.887
0.666,0.101,0.358,female,0.912
0.679,0.075,0.381,female,0.921
0.757,0.065,0.377,female,0.854
0.716,0.099,0.372,female,0.884
0.727,0.118,0.383,female,0.885
0.712,0.132,0.468,female,0.847
0.615,0.108,0.376,female,0.767
0.673,0.125,0.431,female,0.814
0.629,0.112,0.426,female,0.788
0.528,0.078,0.482,female,0.775
0.544,0.057,0.372,female,0.797
0.576,0.08,0.431,female,0.805
0.712,0.145,0.399,female,0.856
0.512,0.071,0.41,female,0.773
0.685,0.066,0.337,female,0.8
0.624,0.09,0.379,female,0.797
0.463,0.177,0.571,female,0.764
0.638,0.062,0.349,female,0.801
0.701,0.122,0.251,female,0.813
0.555,0.047,0.364,female,0.808
0.627,0.153,0.496,female,0.768
0.574,0.096,0.456,female,0.808
0.637,0.066,0.417,female,0.796
0.607,0.1,0.47,female,0.79
0.706,0.037,0.279,female,0.779
0.678,0.138,0.471,female,0.816
0.463,0.177,0.571,female,0.764
0.628,0.074,0.453,female,0.815
0.703,0.088,0.483,female,0.82
0.658,0.083,0.423,female,0.863
0.515,0.127,0.52,female,0.774
0.629,0.109,0.46,female,0.831
0.583,0.096,0.467,female,0.774
0.59,0.025,0.22,female,0.857
0.688,0.078,0.378,female,0.825
0.51,0.118,0.506,female,0.797
0.587,0.069,0.31,female,0.799
0.673,0.204,0.439,female,0.792
0.663,0.177,0.522,female,0.787
0.631,0.035,0.271,female,0.825
0.667,0.091,0.45,female,0.811
0.651,0.118,0.494,female,0.83
0.629,0.13,0.491,female,0.826
0.634,0.06,0.249,female,0.823
0.603,0.071,0.457,female,0.832
0.686,0.085,0.408,female,0.776
0.54,0.173,0.558,female,0.787
0.638,0.136,0.456,female,0.83
0.524,0.062,0.426,female,0.84
0.687,0.071,0.333,female,0.859
0.645,0.073,0.428,female,0.81
0.633,0.144,0.471,female,0.83
0.57,0.062,0.36,female,0.842
0.732,0.224,0.4,female,0.769
0.61,0.162,0.42,female,0.781
0.709,0.104,0.454,female,0.767
0.68,0.131,0.493,female,0.829
0.657,0.068,0.434,female,0.789
0.665,0.084,0.447,female,0.782
0.572,0.094,0.464,female,0.815
0.684,0.171,0.554,female,0.791
0.471,0.142,0.449,female,0.812
0.602,0.099,0.452,female,0.815
0.613,0.069,0.391,female,0.782
0.651,0.082,0.417,female,0.832
0.614,0.135,0.487,female,0.789
0.715,0.107,0.595,female,0.788
0.615,0.052,0.503,female,0.784
0.545,0.107,0.439,female,0.77
0.661,0.076,0.51,female,0.744
0.611,0.123,0.697,female,0.749
0.67,0.118,0.655,female,0.777
0.609,0.075,0.611,female,0.753
0.577,0.135,0.535,female,0.806
0.692,0.043,0.541,female,0.79
0.648,0.056,0.481,female,0.789
0.694,0.122,0.686,female,0.767
0.789,0.151,0.44,female,0.824
0.61,0.068,0.596,female,0.738
0.588,0.069,0.409,female,0.779
0.636,0.197,0.707,female,0.756
0.649,0.198,0.748,female,0.681
0.613,0.365,0.778,female,0.523
0.602,0.029,0.414,female,0.791
0.611,0.282,0.78,female,0.605
0.601,0.441,0.909,female,0.384
0.687,0.438,0.82,female,0.376
0.628,0.47,0.9,female,0.366
0.691,0.194,0.764,female,0.753
0.704,0.097,0.467,female,0.812
0.651,0.256,0.739,female,0.622
0.755,0.092,0.467,female,0.804
0.694,0.103,0.653,female,0.761
0.554,0.087,0.551,female,0.761
0.683,0.415,0.951,female,0.4
0.642,0.099,0.493,female,0.829
0.66,0.084,0.565,female,0.8
0.667,0.258,0.735,female,0.654
0.704,0.075,0.44,female,0.823
0.712,0.123,0.403,female,0.829
0.699,0.147,0.487,female,0.798
0.684,0.062,0.443,female,0.823
0.65,0.099,0.421,female,0.808
0.651,0.061,0.333,female,0.806
0.658,0.068,0.615,female,0.774
0.585,0.037,0.391,female,0.76
0.616,0.186,0.704,female,0.614
0.638,0.119,0.564,female,0.78
0.626,0.082,0.322,female,0.763
0.66,0.019,0.333,female,0.835
0.639,0.041,0.327,female,0.804
0.621,0.098,0.447,female,0.808
0.654,0.118,0.477,female,0.815
0.696,0.036,0.308,female,0.786
0.644,0.12,0.44,female,0.796
0.591,0.106,0.54,female,0.749
0.622,0.095,0.41,female,0.817
0.707,0.046,0.442,female,0.841
0.661,0.096,0.656,female,0.752
0.745,0.09,0.37,female,0.786
0.589,0.05,0.389,female,0.786
0.612,0.117,0.466,female,0.819
0.689,0.156,0.505,female,0.784
0.645,0.146,0.589,female,0.781
0.771,0.094,0.433,female,0.755
0.631,0.061,0.389,female,0.67
0.517,0.093,0.509,female,0.678
0.518,0.026,0.264,female,0.672
0.579,0.061,0.403,female,0.699
0.602,0.04,0.39,female,0.721
0.573,0.159,0.584,female,0.725
0.565,0.161,0.613,female,0.702
0.636,0.19,0.629,female,0.703
0.62,0.119,0.46,female,0.745
0.64,0.071,0.42,female,0.732
0.509,0.063,0.477,female,0.685
0.708,0.079,0.415,female,0.762
0.628,0.053,0.45,female,0.735
0.669,0.052,0.479,female,0.769
0.578,0.137,0.568,female,0.717
0.704,0.157,0.577,female,0.73
0.635,0.105,0.51,female,0.781
0.676,0.141,0.482,female,0.78
0.691,0.012,0.195,female,0.815
0.641,0.067,0.441,female,0.778
0.619,0.147,0.542,female,0.737
0.732,0.052,0.396,female,0.806
0.674,0.12,0.582,female,0.794
0.687,0.14,0.448,female,0.797
0.71,0.105,0.408,female,0.763
0.628,0.078,0.452,female,0.784
0.66,0.1,0.429,female,0.777
0.626,0.198,0.658,female,0.719
0.676,0.153,0.492,female,0.835
0.618,0.12,0.514,female,0.737
0.679,0.08,0.459,female,0.712
0.614,0.104,0.469,female,0.748
0.553,0.132,0.597,female,0.699
0.573,0.079,0.486,female,0.733
0.601,0.167,0.484,female,0.758
0.692,0.057,0.397,female,0.75
0.723,0.044,0.345,female,0.738
0.681,0.096,0.514,female,0.775
0.654,0.108,0.528,female,0.72
0.648,0.09,0.415,female,0.738
0.643,0.093,0.499,female,0.712
0.684,0.068,0.407,female,0.77
0.677,0.054,0.441,female,0.764
0.658,0.105,0.565,female,0.739
0.591,0.108,0.436,female,0.734
0.663,0.118,0.518,female,0.736
0.624,0.07,0.461,female,0.766
0.707,0.03,0.281,female,0.79
0.581,0.052,0.389,female,0.746
0.657,0.112,0.558,female,0.725
0.548,0.195,0.507,female,0.689
0.599,0.125,0.483,female,0.823
0.686,0.109,0.374,female,0.819
0.558,0.093,0.496,female,0.738
0.57,0.08,0.517,female,0.689
0.649,0.027,0.285,female,0.758
0.679,0.162,0.575,female,0.771
0.599,0.065,0.462,female,0.785
0.688,0.278,0.528,female,0.729
0.621,0.064,0.459,female,0.73
0.558,0.124,0.628,female,0.737
0.65,0.072,0.348,female,0.843
0.832,0.13,0.413,female,0.863
0.684,0.166,0.415,female,0.837
0.679,0.083,0.344,female,0.831
0.755,0.111,0.355,female,0.899
0.811,0.049,0.238,female,0.851
0.685,0.07,0.302,female,0.916
0.745,0.133,0.399,female,0.792
0.683,0.172,0.378,female,0.805
0.674,0.164,0.458,female,0.807
0.67,0.062,0.202,female,0.968
0.774,0.033,0.235,female,0.914
0.714,0.083,0.329,female,0.88
0.698,0.055,0.28,female,0.829
0.601,0.088,0.264,female,0.879
0.762,0.077,0.324,female,0.883
0.808,0.034,0.173,female,0.904
0.678,0.087,0.359,female,0.891
0.717,0.037,0.201,female,0.911
0.865,0.053,0.228,female,0.91
0.848,0.049,0.173,female,0.892
0.661,0.043,0.283,female,0.876
0.694,0.05,0.221,female,0.822
0.713,0.081,0.299,female,0.92
0.745,0.134,0.369,female,0.878
0.789,0.084,0.325,female,0.853
0.713,0.136,0.385,female,0.857
0.651,0.086,0.375,female,0.862
0.635,0.125,0.393,female,0.809
0.745,0.094,0.368,female,0.878
0.732,0.104,0.33,female,0.864
0.725,0.107,0.313,female,0.893
0.744,0.102,0.357,female,0.872
0.779,0.066,0.257,female,0.917
0.714,0.082,0.368,female,0.909
0.76,0.15,0.354,female,0.875
0.619,0.037,0.201,female,0.831
0.733,0.119,0.334,female,0.848
0.701,0.114,0.322,female,0.874
0.666,0.147,0.382,female,0.865
0.698,0.088,0.291,female,0.893
0.869,0.06,0.278,female,0.908
0.784,0.097,0.299,female,0.919
0.824,0.051,0.145,female,0.924
0.72,0.079,0.264,female,0.89
0.733,0.058,0.302,female,0.884
0.762,0.08,0.279,female,0.798
0.689,0.053,0.248,female,0.921
0.741,0.036,0.266,female,0.885
0.689,0.108,0.309,female,0.863
0.693,0.113,0.391,female,0.864
0.795,0.109,0.403,female,0.83
0.712,0.06,0.268,female,0.902
0.749,0.081,0.351,female,0.884
0.797,0.103,0.324,female,0.892
0.639,0.079,0.314,female,0.904
0.738,0.102,0.423,female,0.881
0.651,0.12,0.36,female,0.872
0.69,0.085,0.315,female,0.886
0.864,0.123,0.413,female,0.832
0.62,0.134,0.53,female,0.804
0.609,0.16,0.504,female,0.811
0.552,0.106,0.567,female,0.754
0.56,0.109,0.5,female,0.813
0.57,0.257,0.618,female,0.735
0.576,0.135,0.539,female,0.708
0.584,0.058,0.423,female,0.724
0.597,0.15,0.495,female,0.756
0.546,0.114,0.462,female,0.719
0.543,0.227,0.508,female,0.745
0.545,0.062,0.389,female,0.789
0.54,0.064,0.486,female,0.78
0.538,0.154,0.502,female,0.753
0.565,0.112,0.395,female,0.758
0.637,0.109,0.456,female,0.786
0.501,0.09,0.409,female,0.72
0.586,0.109,0.464,female,0.812
0.621,0.172,0.532,female,0.75
0.541,0.084,0.509,female,0.773
0.63,0.158,0.533,female,0.715
0.593,0.141,0.43,female,0.807
0.622,0.172,0.493,female,0.768
0.621,0.115,0.429,female,0.734
0.543,0.064,0.369,female,0.701
0.636,0.09,0.421,female,0.782
0.515,0.119,0.54,female,0.727
0.647,0.149,0.478,female,0.733
0.581,0.079,0.325,female,0.686
0.531,0.118,0.49,female,0.731
0.633,0.094,0.495,female,0.714
0.65,0.094,0.432,female,0.735
0.611,0.091,0.443,female,0.695
0.632,0.05,0.254,female,0.687
0.587,0.099,0.308,female,0.648
0.632,0.065,0.394,female,0.746
0.564,0.13,0.483,female,0.675
0.581,0.163,0.547,female,0.69
0.577,0.153,0.554,female,0.713
0.619,0.124,0.536,female,0.699
0.528,0.163,0.589,female,0.654
0.675,0.144,0.512,female,0.741
0.539,0.277,0.565,female,0.728
0.617,0.103,0.548,female,0.74
0.441,0.225,0.628,female,0.703
0.635,0.122,0.489,female,0.763
0.619,0.197,0.472,female,0.729
0.68,0.124,0.363,female,0.726
0.582,0.038,0.35,female,0.744
0.558,0.161,0.483,female,0.717
0.536,0.158,0.54,female,0.65
0.641,0.153,0.501,female,0.697
0.503,0.125,0.487,female,0.753
0.635,0.133,0.611,female,0.721
0.591,0.156,0.493,female,0.772
0.547,0.152,0.559,female,0.701
0.601,0.1,0.395,female,0.675
0.566,0.132,0.506,female,0.727
0.469,0.132,0.553,female,0.702
0.6,0.203,0.55,female,0.656
0.594,0.173,0.547,female,0.689
0.607,0.278,0.688,female,0.653
0.557,0.348,0.602,female,0.599
0.559,0.238,0.696,female,0.661
0.513,0.324,0.662,female,0.597
0.568,0.157,0.519,female,0.611
0.555,0.257,0.671,female,0.615
0.544,0.185,0.694,female,0.634
0.557,0.227,0.66,female,0.673
0.549,0.322,0.627,female,0.628
0.571,0.316,0.744,female,0.601
0.527,0.346,0.674,female,0.646
0.606,0.097,0.537,female,0.671
0.568,0.24,0.588,female,0.661
0.582,0.286,0.64,female,0.674
0.494,0.204,0.654,female,0.732
0.588,0.223,0.655,female,0.681
0.558,0.253,0.652,female,0.639
0.609,0.266,0.591,female,0.719
0.544,0.188,0.571,female,0.729
0.515,0.146,0.541,female,0.682
0.621,0.107,0.51,female,0.848
0.617,0.169,0.462,female,0.852
0.601,0.321,0.652,female,0.699
0.608,0.166,0.58,female,0.685
0.458,0.238,0.711,female,0.658
0.534,0.1,0.493,female,0.654
0.583,0.292,0.671,female,0.691
0.503,0.329,0.697,female,0.632
0.529,0.138,0.628,female,0.703
0.594,0.262,0.615,female,0.727
0.592,0.257,0.67,female,0.701
0.634,0.132,0.602,female,0.684
0.581,0.246,0.556,female,0.771
0.507,0.199,0.602,female,0.622
0.66,0.181,0.702,female,0.674
0.605,0.107,0.533,female,0.742
0.551,0.185,0.595,female,0.663
0.519,0.212,0.689,female,0.682
0.593,0.229,0.512,female,0.627
0.454,0.319,0.596,female,0.61
0.598,0.215,0.655,female,0.702
0.536,0.338,0.626,female,0.655
0.575,0.064,0.479,female,0.714
0.551,0.245,0.604,female,0.738
0.66,0.186,0.654,female,0.722
0.568,0.127,0.548,female,0.737
0.521,0.086,0.506,female,0.685
0.515,0.243,0.616,female,0.645
0.568,0.131,0.562,female,0.606
0.644,0.093,0.439,female,0.672
0.567,0.205,0.612,female,0.669
0.628,0.249,0.65,female,0.694
0.52,0.306,0.709,female,0.613
0.661,0.233,0.598,female,0.72
0.526,0.183,0.575,female,0.668
0.473,0.327,0.693,female,0.663
0.498,0.106,0.584,female,0.699
0.595,0.186,0.63,female,0.667
0.573,0.202,0.663,female,0.633
0.54,0.349,0.719,female,0.602
0.606,0.071,0.425,female,0.697
0.628,0.086,0.483,female,0.736
0.582,0.087,0.511,female,0.667
0.623,0.104,0.449,female,0.699
0.642,0.098,0.476,female,0.665
0.571,0.115,0.54,female,0.703
0.576,0.1,0.463,female,0.668
0.549,0.06,0.351,female,0.666
0.5,0.058,0.372,female,0.677
0.646,0.143,0.611,female,0.706
0.62,0.086,0.386,female,0.674
0.598,0.129,0.467,female,0.699
0.591,0.13,0.525,female,0.691
0.612,0.165,0.545,female,0.69
0.616,0.102,0.46,female,0.682
0.602,0.072,0.48,female,0.703
0.689,0.125,0.442,female,0.71
0.64,0.081,0.451,female,0.664
0.61,0.125,0.563,female,0.667
0.579,0.158,0.439,female,0.679
0.567,0.093,0.416,female,0.687
0.631,0.072,0.432,female,0.687
0.504,0.05,0.38,female,0.647
0.491,0.101,0.512,female,0.671
0.589,0.114,0.468,female,0.661
0.596,0.142,0.464,female,0.685
0.551,0.086,0.574,female,0.692
0.547,0.172,0.473,female,0.711
0.543,0.102,0.475,female,0.663
0.634,0.032,0.332,female,0.681
0.55,0.133,0.493,female,0.724
0.569,0.083,0.478,female,0.688
0.552,0.135,0.511,female,0.655
0.507,0.062,0.417,female,0.643
0.537,0.164,0.582,female,0.668
0.567,0.118,0.465,female,0.671
0.514,0.085,0.457,female,0.665
0.57,0.18,0.546,female,0.685
0.614,0.065,0.411,female,0.669
0.618,0.061,0.449,female,0.673
0.557,0.115,0.505,female,0.68
0.559,0.12,0.558,female,0.671
0.536,0.197,0.557,female,0.673
0.573,0.045,0.373,female,0.72
0.605,0.134,0.529,female,0.642
0.641,0.101,0.564,female,0.689
0.624,0.139,0.483,female,0.696
0.548,0.137,0.588,female,0.646
0.602,0.129,0.558,female,0.682
0.576,0.1,0.392,female,0.688
0.587,0.114,0.467,female,0.672
0.571,0.164,0.561,female,0.665
0.552,0.162,0.555,female,0.655
0.525,0.193,0.555,female,0.669
0.566,0.184,0.432,female,0.643
0.557,0.28,0.587,female,0.704
0.604,0.125,0.391,female,0.638
0.584,0.072,0.47,female,0.672
0.644,0.124,0.484,female,0.649
0.562,0.089,0.422,female,0.665
0.673,0.025,0.213,female,0.927
0.746,0.061,0.306,female,0.898
0.79,0.062,0.27,female,0.901
0.715,0.057,0.384,female,0.882
0.753,0.068,0.227,female,0.903
0.839,0.049,0.26,female,0.896
0.711,0.033,0.243,female,0.879
0.793,0.055,0.21,female,0.882
0.758,0.058,0.264,female,0.878
0.824,0.023,0.166,female,0.869
0.8,0.059,0.339,female,0.894
0.718,0.051,0.213,female,0.908
0.759,0.092,0.382,female,0.877
0.676,0.075,0.329,female,0.894
0.759,0.058,0.332,female,0.886
0.793,0.063,0.258,female,0.877
0.713,0.055,0.213,female,0.871
0.7,0.053,0.274,female,0.91
0.753,0.048,0.277,female,0.896
0.882,0.017,0.211,female,0.902
0.784,0.025,0.145,female,0.948
0.693,0.046,0.268,female,0.932
0.765,0.041,0.195,female,0.93
0.802,0.015,0.134,female,0.906
0.818,0.05,0.291,female,0.918
0.849,0.068,0.262,female,0.915
0.758,0.037,0.161,female,0.904
0.791,0.041,0.269,female,0.911
0.775,0.015,0.214,female,0.9
0.752,0.044,0.232,female,0.919
0.824,0.05,0.14,female,0.943
0.784,0.043,0.25,female,0.894
0.79,0.054,0.265,female,0.872
0.711,0.083,0.303,female,0.901
0.824,0.047,0.253,female,0.884
0.76,0.036,0.303,female,0.909
0.758,0.05,0.229,female,0.904
0.809,0.043,0.207,female,0.907
0.716,0.025,0.227,female,0.906
0.826,0.014,0.229,female,0.873
0.738,0.05,0.317,female,0.914
0.738,0.023,0.218,female,0.881
0.816,0.042,0.181,female,0.944
0.833,0.033,0.227,female,0.923
0.82,0.03,0.213,female,0.914
0.817,0.026,0.229,female,0.891
0.806,0.071,0.3,female,0.919
0.787,0.077,0.253,female,0.912
0.79,0.018,0.191,female,0.894
0.804,0.038,0.236,female,0.905
0.691,0.022,0.246,female,0.937
0.693,0.068,0.343,female,0.913
0.778,0.06,0.287,female,0.912
0.865,0.051,0.287,female,0.889
0.799,0.038,0.293,female,0.9
0.801,0.044,0.16,female,0.875
0.822,0.105,0.281,female,0.877
0.8,0.012,0.136,female,0.907
0.762,0.055,0.274,female,0.904
0.678,0.059,0.309,female,0.905
0.504,0.067,0.428,female,0.799
0.617,0.175,0.539,female,0.796
0.529,0.145,0.441,female,0.768
0.538,0.09,0.489,female,0.779
0.554,0.14,0.51,female,0.778
0.654,0.102,0.523,female,0.787
0.651,0.139,0.398,female,0.765
0.643,0.086,0.459,female,0.767
0.671,0.115,0.466,female,0.808
0.609,0.153,0.519,female,0.785
0.603,0.048,0.416,female,0.773
0.643,0.135,0.455,female,0.747
0.632,0.155,0.417,female,0.765
0.564,0.191,0.582,female,0.759
0.563,0.101,0.469,female,0.811
0.657,0.074,0.405,female,0.823
0.584,0.081,0.459,female,0.801
0.525,0.135,0.523,female,0.8
0.62,0.063,0.397,female,0.763
0.53,0.17,0.556,female,0.788
0.544,0.133,0.507,female,0.77
0.588,0.076,0.497,female,0.81
0.588,0.12,0.511,female,0.773
0.591,0.144,0.564,female,0.761
0.568,0.118,0.519,female,0.802
0.574,0.153,0.588,female,0.764
0.607,0.077,0.496,female,0.785
0.577,0.123,0.526,female,0.757
0.625,0.096,0.512,female,0.749
0.4,0.131,0.599,female,0.773
0.629,0.156,0.499,female,0.761
0.653,0.091,0.433,female,0.765
0.613,0.095,0.523,female,0.739
0.525,0.15,0.587,female,0.778
0.656,0.145,0.577,female,0.783
0.477,0.139,0.602,female,0.77
0.634,0.176,0.635,female,0.802
0.579,0.139,0.497,female,0.741
0.56,0.138,0.589,female,0.791
0.636,0.103,0.52,female,0.807
0.553,0.101,0.549,female,0.796
0.49,0.096,0.536,female,0.756
0.595,0.159,0.475,female,0.769
0.729,0.069,0.403,female,0.894
0.754,0.117,0.446,female,0.821
0.466,0.186,0.509,female,0.798
0.546,0.142,0.488,female,0.793
0.567,0.107,0.623,female,0.757
0.668,0.099,0.379,female,0.765
0.561,0.175,0.534,female,0.758
0.64,0.12,0.398,female,0.816
0.755,0.084,0.358,female,0.869
0.558,0.104,0.501,female,0.767
0.5,0.117,0.519,female,0.771
0.633,0.069,0.321,female,0.863
0.521,0.139,0.481,female,0.796
0.654,0.114,0.481,female,0.824
0.581,0.056,0.412,female,0.841
0.744,0.134,0.381,female,0.834
0.659,0.159,0.396,female,0.824
0.55,0.257,0.801,female,0.672
0.315,0.348,0.84,female,0.531
0.644,0.531,0.843,female,0.283
0.635,0.193,0.759,female,0.642
0.705,0.205,0.763,female,0.664
0.609,0.215,0.818,female,0.643
0.658,0.065,0.595,female,0.722
0.671,0.178,0.774,female,0.653
0.637,0.139,0.739,female,0.612
0.625,0.29,0.82,female,0.579
0.585,0.234,0.798,female,0.593
0.55,0.178,0.784,female,0.592
0.593,0.204,0.797,female,0.542
0.492,0.277,0.874,female,0.507
0.563,0.266,0.833,female,0.517
0.58,0.194,0.784,female,0.627
0.402,0.196,0.758,female,0.64
0.637,0.082,0.507,female,0.688
0.619,0.165,0.614,female,0.733
0.579,0.121,0.582,female,0.683
0.608,0.198,0.551,female,0.665
0.712,0.17,0.535,female,0.78
0.553,0.114,0.549,female,0.664
0.572,0.116,0.571,female,0.736
0.574,0.176,0.617,female,0.716
0.625,0.103,0.513,female,0.719
0.554,0.091,0.542,female,0.649
0.505,0.194,0.781,female,0.607
0.58,0.108,0.712,female,0.578
0.511,0.244,0.861,female,0.513
0.564,0.282,0.829,female,0.587
0.625,0.825,0.173,female,0.037
0.586,0.804,0.191,female,0.039
0.537,0.696,0.527,female,0.146
0.532,0.812,0.211,female,0.021
0.554,0.804,0.239,female,0.04
0.482,0.209,0.804,female,0.596
0.491,0.295,0.831,female,0.579
0.461,0.285,0.837,female,0.571
0.332,0.159,0.797,female,0.588
0.521,0.14,0.754,female,0.623
0.438,0.314,0.829,female,0.576
0.529,0.153,0.774,female,0.629
0.517,0.192,0.831,female,0.618
0.472,0.165,0.705,female,0.585
0.441,0.317,0.808,female,0.568
0.425,0.312,0.787,female,0.569
0.521,0.19,0.763,female,0.588
0.488,0.116,0.674,female,0.593
0.462,0.206,0.795,female,0.607
0.496,0.187,0.803,female,0.597
0.548,0.145,0.768,female,0.626
0.439,0.217,0.741,female,0.576
0.45,0.242,0.812,female,0.598
0.482,0.194,0.76,female,0.574
0.607,0.129,0.734,female,0.608
0.463,0.286,0.713,female,0.562
0.431,0.268,0.773,female,0.569
0.445,0.4,0.796,female,0.554
0.451,0.395,0.769,female,0.557
0.396,0.274,0.783,female,0.59
0.52,0.293,0.743,female,0.606
0.517,0.207,0.743,female,0.604
0.557,0.166,0.738,female,0.629
0.455,0.15,0.743,female,0.608
0.436,0.281,0.779,female,0.558
0.487,0.204,0.766,female,0.575
0.559,0.106,0.71,female,0.627
0.446,0.161,0.788,female,0.592
0.471,0.17,0.774,female,0.587
0.507,0.158,0.795,female,0.583
0.491,0.196,0.839,female,0.593
0.381,0.223,0.803,female,0.582
0.4,0.277,0.81,female,0.575
0.529,0.18,0.795,female,0.6
0.539,0.112,0.693,female,0.619
0.424,0.143,0.775,female,0.618
0.529,0.24,0.806,female,0.58
0.395,0.344,0.838,female,0.567
0.532,0.286,0.839,female,0.567
0.508,0.14,0.745,female,0.625
0.476,0.205,0.804,female,0.586
0.391,0.237,0.806,female,0.567
0.524,0.164,0.764,female,0.599
0.473,0.205,0.768,female,0.589
0.455,0.327,0.831,female,0.566
0.498,0.288,0.802,female,0.573
0.555,0.143,0.759,female,0.598
0.744,0.009,0.38,female,0.751
0.784,0.019,0.354,female,0.787
0.801,0.036,0.454,female,0.827
0.884,0.03,0.459,female,0.86
0.726,0.044,0.428,female,0.762
0.719,0.056,0.446,female,0.781
0.734,0.033,0.433,female,0.799
0.908,0.079,0.52,female,0.85
0.771,0,0.325,female,0.776
0.774,0.025,0.357,female,0.762
0.883,0.045,0.399,female,0.827
0.811,0.069,0.485,female,0.806
0.734,0.03,0.35,female,0.769
0.814,0.038,0.372,female,0.797
0.716,0.056,0.472,female,0.777
0.922,0.1,0.534,female,0.825
0.716,0.004,0.303,female,0.728
0.73,0.042,0.444,female,0.77
0.888,0.045,0.466,female,0.839
0.846,0.052,0.481,female,0.832
0.632,0.037,0.479,female,0.678
0.757,0.002,0.352,female,0.767
0.827,0.07,0.482,female,0.799
0.885,0.034,0.426,female,0.839
0.722,0.011,0.353,female,0.759
0.812,0.081,0.37,female,0.786
0.874,0.015,0.396,female,0.841
0.908,0.135,0.505,female,0.855
0.768,0.015,0.351,female,0.778
0.828,0.028,0.35,female,0.806
0.897,0.027,0.342,female,0.836
0.82,0.056,0.47,female,0.811
0.744,0.026,0.379,female,0.743
0.748,0.098,0.582,female,0.763
0.72,0.046,0.467,female,0.772
0.845,0.11,0.56,female,0.839
0.79,0.02,0.388,female,0.791
0.785,0.03,0.457,female,0.78
0.785,0.038,0.462,female,0.779
1,0.092,0.508,female,0.875
0.733,0.025,0.469,female,0.766
0.83,0.053,0.479,female,0.79
0.785,0.033,0.454,female,0.799
0.964,0.104,0.587,female,0.854
0.785,0.037,0.367,female,0.78
0.828,0.066,0.457,female,0.801
0.69,0.026,0.395,female,0.757
0.821,0.086,0.518,female,0.795
0.714,0.034,0.426,female,0.738
0.746,0.061,0.488,female,0.768
0.763,0.063,0.537,female,0.756
0.883,0.065,0.472,female,0.837
0.537,0.075,0.567,female,0.64
0.513,0.091,0.591,female,0.635
0.555,0.094,0.596,female,0.598
0.522,0.07,0.623,female,0.648
0.507,0.081,0.616,female,0.612
0.515,0.056,0.567,female,0.609
0.561,0.048,0.583,female,0.641
0.545,0.053,0.606,female,0.633
0.593,0.046,0.541,female,0.637
0.569,0.037,0.532,female,0.648
0.587,0.047,0.555,female,0.639
0.571,0.028,0.533,female,0.635
0.613,0.031,0.516,female,0.658
0.57,0.024,0.509,female,0.654
0.541,0.037,0.528,female,0.643
0.558,0.065,0.588,female,0.619
0.582,0.057,0.556,female,0.638
0.515,0.056,0.571,female,0.638
0.542,0.046,0.509,female,0.601
0.562,0.098,0.598,female,0.598
0.5,0.069,0.572,female,0.604
0.587,0.04,0.544,female,0.642
0.532,0.075,0.594,female,0.628
0.564,0.043,0.546,female,0.645
0.579,0.074,0.535,female,0.66
0.513,0.056,0.56,female,0.645
0.553,0.021,0.548,female,0.639
0.525,0.028,0.496,female,0.663
0.574,0.051,0.538,female,0.63
0.533,0.051,0.52,female,0.657
0.559,0.07,0.566,female,0.636
0.549,0.085,0.605,female,0.596
0.528,0.022,0.529,female,0.669
0.521,0.059,0.574,female,0.617
0.537,0.101,0.582,female,0.553
0.521,0.077,0.633,female,0.631
0.486,0.022,0.524,female,0.655
0.511,0.057,0.567,female,0.648
0.573,0.048,0.582,female,0.649
0.579,0.053,0.561,female,0.639
0.501,0.047,0.581,female,0.647
0.572,0.077,0.608,female,0.6
0.63,0.106,0.566,female,0.569
0.549,0.039,0.555,female,0.636
0.474,0.032,0.554,female,0.645
0.548,0.066,0.591,female,0.622
0.58,0.051,0.572,female,0.638
0.558,0.06,0.546,female,0.644
0.542,0.091,0.55,female,0.643
0.571,0.053,0.546,female,0.642
0.491,0.147,0.611,female,0.753
0.512,0.205,0.651,female,0.739
0.531,0.203,0.65,female,0.753
0.53,0.147,0.588,female,0.753
0.487,0.159,0.608,female,0.815
0.498,0.179,0.637,female,0.724
0.493,0.217,0.647,female,0.746
0.53,0.094,0.538,female,0.726
0.515,0.189,0.625,female,0.723
0.484,0.121,0.621,female,0.782
0.587,0.155,0.72,female,0.767
0.589,0.108,0.654,female,0.842
0.462,0.335,0.716,female,0.561
0.548,0.476,0.746,female,0.453
0.723,0.171,0.671,female,0.819
0.541,0.133,0.688,female,0.784
0.603,0.12,0.639,female,0.824
0.535,0.145,0.6,female,0.849
0.795,0.152,0.728,female,0.807
0.74,0.112,0.626,female,0.836
0.687,0.523,0.904,female,0.234
0.749,0.561,0.942,female,0.168
0.676,0.572,0.928,female,0.174
0.676,0.621,0.961,female,0.193
0.692,0.627,0.941,female,0.184
0.735,0.607,0.885,female,0.165
0.628,0.503,0.933,female,0.198
0.681,0.579,0.959,female,0.189
0.673,0.696,0.883,female,0.096
0.703,0.602,0.897,female,0.114
0.674,0.641,0.868,female,0.139
0.633,0.628,0.789,female,0.061
0.702,0.511,0.752,female,0.068
0.697,0.592,0.904,female,0.169
0.745,0.541,0.944,female,0.214
0.576,0.69,0.859,female,0.09
0.697,0.557,0.837,female,0.084
0.739,0.686,0.941,female,0.175
0.724,0.663,0.899,female,0.107
0.705,0.61,0.868,female,0.243
0.59,0.094,0.545,female,0.681
0.62,0.172,0.744,female,0.714
0.548,0.171,0.628,female,0.603
0.748,0.148,0.6,female,0.72
0.501,0.206,0.677,female,0.71
0.514,0.154,0.655,female,0.632
0.699,0.547,0.894,female,0.386
0.802,0.663,0.918,female,0.234
0.785,0.469,0.872,female,0.456
0.769,0.707,0.864,female,0.168
0.699,0.578,0.922,female,0.199
0.733,0.621,0.913,female,0.172
0.848,0.742,0.856,female,0.134
0.642,0.681,0.87,female,0.175
0.714,0.699,0.823,female,0.283
